TagId,TagName,TagType,StockCode,StockName
C11010,水泥,category,1101,台泥
C11010,水泥,category,1102,亞泥
C11010,水泥,category,1103,嘉泥
C11010,水泥,category,1104,環泥
C11010,水泥,category,1108,幸福
C11010,水泥,category,1109,信大
C11010,水泥,category,1110,東泥
C11010,水泥,category,8463,潤泰材
C12010,食品,category,1201,味全
C12010,食品,category,1203,味王
C12010,食品,category,1210,大成
C12010,食品,category,1213,大飲
C12010,食品,category,1215,卜蜂
C12010,食品,category,1216,統一
C12010,食品,category,1217,愛之味
C12010,食品,category,1218,泰山
C13010,塑膠,category,1301,台塑
C13010,塑膠,category,1303,南亞
C13010,塑膠,category,1304,台聚
C13010,塑膠,category,1305,華夏
C13010,塑膠,category,1307,三芳
C13010,塑膠,category,1308,亞聚
C13010,塑膠,category,1309,台達化
C13010,塑膠,category,1310,台苯
C14010,紡織纖維,category,1402,遠東新
C14010,紡織纖維,category,1409,新纖
C14010,紡織纖維,category,1410,南染
C14010,紡織纖維,category,1413,宏洲
C14010,紡織纖維,category,1414,東和
C14010,紡織纖維,category,1417,嘉裕
C14010,紡織纖維,category,1418,東華
C14010,紡織纖維,category,1419,新紡
C15010,電機,category,1503,士電
C15010,電機,category,1504,東元
C15010,電機,category,1513,中興電
C15010,電機,category,1514,亞力
C15010,電機,category,1519,華城
C15010,電機,category,1526,日馳
C15010,電機,category,1527,鑽全
C15010,電機,category,1528,恩德
C16010,電線電纜,category,1603,華電
C16010,電線電纜,category,1605,華新
C16010,電線電纜,category,1608,華榮
C16010,電線電纜,category,1609,大亞
C16010,電線電纜,category,1612,宏泰
C16010,電線電纜,category,1615,大山
C16010,電線電纜,category,1616,億泰
C16010,電線電纜,category,1617,榮星
C17010,化學工業,category,1708,東鹼
C17010,化學工業,category,1709,和益
C17010,化學工業,category,1711,永光
C17010,化學工業,category,1713,國化
C17010,化學工業,category,1714,和桐
C17010,化學工業,category,1717,長興
C17010,化學工業,category,1721,三晃
C17010,化學工業,category,1722,台肥
C17020,生技,category,1565,精華
C17020,生技,category,1707,葡萄王
C17020,生技,category,1720,生達
C17020,生技,category,1731,美吾華
C17020,生技,category,1733,五鼎
C17020,生技,category,1734,杏輝
C17020,生技,category,1777,生泰
C17020,生技,category,1781,合世
C18010,玻璃陶瓷,category,1802,台玻
C18010,玻璃陶瓷,category,1806,冠軍
C18010,玻璃陶瓷,category,1809,中釉
C18010,玻璃陶瓷,category,1810,和成
C18010,玻璃陶瓷,category,1817,凱撒衛
C19010,紙業,category,1903,士紙
C19010,紙業,category,1904,正隆
C19010,紙業,category,1905,華紙
C19010,紙業,category,1906,寶隆
C19010,紙業,category,1907,永豐餘
C19010,紙業,category,1909,榮成
C19010,紙業,category,6790,永豐實
C20010,鋼鐵,category,1532,勤美
C20010,鋼鐵,category,2002,中鋼
C20010,鋼鐵,category,2006,東和鋼鐵
C20010,鋼鐵,category,2007,燁興
C20010,鋼鐵,category,2008,高興昌
C20010,鋼鐵,category,2009,第一銅
C20010,鋼鐵,category,2010,春源
C20010,鋼鐵,category,2012,春雨
C21010,橡膠,category,2101,南港
C21010,橡膠,category,2102,泰豐
C21010,橡膠,category,2103,台橡
C21010,橡膠,category,2105,正新
C21010,橡膠,category,2106,建大
C21010,橡膠,category,2107,厚生
C21010,橡膠,category,2108,南帝
C21010,橡膠,category,2109,華豐
C22010,汽車,category,2201,裕隆
C22010,汽車,category,2204,中華
C22010,汽車,category,2206,三陽工業
C22010,汽車,category,2207,和泰車
C22010,汽車,category,2227,裕日車
C22010,汽車,category,2247,汎德永業
C22010,汽車,category,2258,鴻華先進-創
C22010,汽車,category,8937,合騏
C22020,汽車零組件,category,1319,東陽
C22020,汽車零組件,category,1506,正道
C22020,汽車零組件,category,1512,瑞利
C22020,汽車零組件,category,1521,大億
C22020,汽車零組件,category,1522,堤維西
C22020,汽車零組件,category,1524,耿鼎
C22020,汽車零組件,category,1525,江申
C22020,汽車零組件,category,1536,和大
C25010,營建,category,2501,國建
C25010,營建,category,2504,國產
C25010,營建,category,2505,國揚
C25010,營建,category,2506,太設
C25010,營建,category,2509,全坤建
C25010,營建,category,2511,太子
C25010,營建,category,2514,龍邦
C25010,營建,category,2515,中工
C26010,航運,category,2603,長榮
C26010,航運,category,2605,新興
C26010,航運,category,2606,裕民
C26010,航運,category,2607,榮運
C26010,航運,category,2608,嘉里大榮
C26010,航運,category,2609,陽明
C26010,航運,category,2610,華航
C26010,航運,category,2611,志信
C27010,觀光,category,2701,萬企
C27010,觀光,category,2702,華園
C27010,觀光,category,2704,國賓
C27010,觀光,category,2705,六福
C27010,觀光,category,2706,第一店
C27010,觀光,category,2707,晶華
C27010,觀光,category,5701,劍湖山
C27010,觀光,category,5703,亞都
C29010,百貨,category,2901,欣欣
C29010,百貨,category,2903,遠百
C29010,百貨,category,2905,三商
C29010,百貨,category,2906,高林
C29010,百貨,category,2908,特力
C29010,百貨,category,2910,統領
C29010,百貨,category,2911,麗嬰房
C29010,百貨,category,2912,統一超
C29020,其他,category,8906,花王
C29020,其他,category,8921,沈氏
C29020,其他,category,8929,富堡
C29020,其他,category,8932,智通*
C29020,其他,category,8941,關中
C29020,其他,category,9902,台火
C29020,其他,category,9904,寶成
C29020,其他,category,9905,大華
C29030,自行車,category,9921,巨大
C29030,自行車,category,9914,美利達
C29030,自行車,category,8933,愛地雅
C29030,自行車,category,5306,桂盟
C29030,自行車,category,3162,精確
C29030,自行車,category,6804,明係
C30010,高爾夫球,category,8924,大田
C30010,高爾夫球,category,8928,鉅明
C30010,高爾夫球,category,8938,明安
C30010,高爾夫球,category,9960,邁達康
C30010,高爾夫球,category,6670,復盛應用
C30011,運動休閒,category,1432,大魯閣
C30011,運動休閒,category,1515,力山
C30011,運動休閒,category,1517,利奇
C30011,運動休閒,category,1593,祺驊
C30011,運動休閒,category,1598,岱宇
C30011,運動休閒,category,1736,喬山
C30011,運動休閒,category,2762,世界健身-KY
C30011,運動休閒,category,4536,拓凱
C30012,文創娛樂,category,2496,卓越
C30012,文創娛樂,category,2926,誠品生活
C30012,文創娛樂,category,4806,桂田文創
C30012,文創娛樂,category,6101,寬魚國際
C30012,文創娛樂,category,6294,智基
C30012,文創娛樂,category,6596,寬宏藝術
C30012,文創娛樂,category,6625,必應
C30012,文創娛樂,category,6856,鑫傳
C30013,綠能環保,category,3073,天方能源
C30013,綠能環保,category,3708,上緯投控
C30013,綠能環保,category,3712,永崴投控
C30013,綠能環保,category,6581,鋼聯
C30013,綠能環保,category,6624,萬年清
C30013,綠能環保,category,6641,基士德-KY
C30013,綠能環保,category,6771,平和環保-創
C30013,綠能環保,category,6803,崑鼎
C30014,照明,category,1611,中電
C30014,照明,category,2491,吉祥全
C30014,照明,category,4972,湯石照明
C23010,IC-設計,category,2363,矽統
C23010,IC-設計,category,2379,瑞昱
C23010,IC-設計,category,2388,威盛
C23010,IC-設計,category,2401,凌陽
C23010,IC-設計,category,2436,偉詮電
C23010,IC-設計,category,2454,聯發科
C23010,IC-設計,category,2458,義隆
C23010,IC-設計,category,3034,聯詠
C23020,IC-代工,category,2303,聯電
C23020,IC-代工,category,2330,台積電
C23020,IC-代工,category,5347,世界
C23020,IC-代工,category,8086,宏捷科
C23020,IC-代工,category,3105,穩懋
C23020,IC-代工,category,5299,杰力
C23020,IC-代工,category,6770,力積電
C23020,IC-代工,category,1560,中砂
C23030,IC-DRAM製造,category,2408,南亞科
C23040,DRAM銷售,category,2451,創見
C23040,DRAM銷售,category,3260,威剛
C23040,DRAM銷售,category,8088,品安
C23040,DRAM銷售,category,8277,商丞
C23040,DRAM銷售,category,8271,宇瞻
C23040,DRAM銷售,category,5289,宜鼎
C23040,DRAM銷售,category,4967,十銓
C23040,DRAM銷售,category,8084,巨虹
C23050,IC-製造,category,2337,旺宏
C23050,IC-製造,category,2344,華邦電
C23050,IC-製造,category,7712,博盛半導體
C23050,IC-製造,category,2302,麗正
C23050,IC-製造,category,2434,統懋
C23050,IC-製造,category,2481,強茂
C23050,IC-製造,category,3675,德微
C23050,IC-製造,category,6573,虹揚-KY
C23060,IC-封測,category,2329,華泰
C23060,IC-封測,category,2369,菱生
C23060,IC-封測,category,2441,超豐
C23060,IC-封測,category,2449,京元電子
C23060,IC-封測,category,3264,欣銓
C23060,IC-封測,category,3372,典範
C23060,IC-封測,category,5344,立衛
C23060,IC-封測,category,6147,頎邦
C23070,IC-通路,category,3010,華立
C23070,IC-通路,category,3028,增你強
C23070,IC-通路,category,3033,威健
C23070,IC-通路,category,3036,文曄
C23070,IC-通路,category,3048,益登
C23070,IC-通路,category,3209,全科
C23070,IC-通路,category,3232,昱捷
C23070,IC-通路,category,3312,弘憶股
C23080,IC-其他,category,6231,系微
C23080,IC-其他,category,3289,宜特
C23080,IC-其他,category,6425,易發
C23080,IC-其他,category,3587,閎康
C23080,IC-其他,category,3714,富采
C23080,IC-其他,category,7734,印能科技
C23080,IC-其他,category,7728,光焱科技
C23080,IC-其他,category,3467,台灣精材
C23090,被動元件,category,2327,國巨*
C23090,被動元件,category,2375,凱美
C23090,被動元件,category,2428,興勤
C23090,被動元件,category,2472,立隆電
C23090,被動元件,category,2478,大毅
C23090,被動元件,category,2484,希華
C23090,被動元件,category,2492,華新科
C23090,被動元件,category,3026,禾伸堂
C23100,LED及光元件,category,2340,台亞
C23100,LED及光元件,category,2393,億光
C23100,LED及光元件,category,2426,鼎元
C23100,LED及光元件,category,2466,冠西電
C23100,LED及光元件,category,3031,佰鴻
C23100,LED及光元件,category,3066,李洲
C23100,LED及光元件,category,6164,華興
C23100,LED及光元件,category,6168,宏齊
C23110,連接元件,category,2328,廣宇
C23110,連接元件,category,2392,正崴
C23110,連接元件,category,2440,太空梭
C23110,連接元件,category,2460,建通
C23110,連接元件,category,2462,良得電
C23110,連接元件,category,2476,鉅祥
C23110,連接元件,category,3003,健和興
C23110,連接元件,category,3011,今皓
C23120,PCB-製造,category,2313,華通
C23120,PCB-製造,category,2316,楠梓電
C23120,PCB-製造,category,2355,敬鵬
C23120,PCB-製造,category,2367,燿華
C23120,PCB-製造,category,2368,金像電
C23120,PCB-製造,category,3044,健鼎
C23120,PCB-製造,category,3115,富榮綱
C23120,PCB-製造,category,3229,晟鈦
C23130,PCB-材料設備,category,2383,台光電
C23130,PCB-材料設備,category,2467,志聖
C23130,PCB-材料設備,category,2493,揚博
C23130,PCB-材料設備,category,5340,建榮
C23130,PCB-材料設備,category,5381,合正
C23130,PCB-材料設備,category,5475,德宏
C23130,PCB-材料設備,category,5498,凱崴
C23130,PCB-材料設備,category,6192,巨路
C30015,IC-半導體設備,category,2338,光罩
C30015,IC-半導體設備,category,3178,公準
C30015,IC-半導體設備,category,3413,京鼎
C30015,IC-半導體設備,category,3583,辛耘
C30015,IC-半導體設備,category,3680,家登
C30015,IC-半導體設備,category,6532,瑞耘
C30015,IC-半導體設備,category,6640,均華
C30015,IC-半導體設備,category,6683,雍智科技
C30016,晶圓材料,category,3016,嘉晶
C30016,晶圓材料,category,3532,台勝科
C30016,晶圓材料,category,3707,漢磊
C30016,晶圓材料,category,4971,IET-KY
C30016,晶圓材料,category,6182,合晶
C30016,晶圓材料,category,6488,環球晶
C30017,半導體元件,category,2455,全新
C30017,半導體元件,category,3081,聯亞
C30017,半導體元件,category,5434,崇越
C30017,半導體元件,category,6208,日揚
C30017,半導體元件,category,6829,千附精密
C30018,記憶體IC設計,category,3006,晶豪科
C30018,記憶體IC設計,category,3014,聯陽
C30018,記憶體IC設計,category,5351,鈺創
C30018,記憶體IC設計,category,6531,愛普*
C30018,記憶體IC設計,category,8299,群聯
C30019,IP/ASIC,category,3035,智原
C30019,IP/ASIC,category,3443,創意
C30019,IP/ASIC,category,3529,力旺
C30019,IP/ASIC,category,3661,世芯-KY
C30019,IP/ASIC,category,6423,億而得
C30019,IP/ASIC,category,6533,晶心科
C30019,IP/ASIC,category,6643,M31
C30019,IP/ASIC,category,8227,巨有科技
C30020,IC-導線架,category,2351,順德
C30020,IC-導線架,category,2483,百容
C30020,IC-導線架,category,2486,一詮
C30020,IC-導線架,category,5285,界霖
C30020,IC-導線架,category,6548,長科*
C30020,IC-導線架,category,8070,長華*
C30021,ABF,category,3037,欣興
C30021,ABF,category,3189,景碩
C30021,ABF,category,8046,南電
C23140,LCD-TFT面板,category,2409,友達
C23140,LCD-TFT面板,category,6116,彩晶
C23140,LCD-TFT面板,category,8069,元太
C23140,LCD-TFT面板,category,3481,群創
C23140,LCD-TFT面板,category,4995,晶達
C23140,LCD-TFT面板,category,5245,智晶
C23140,LCD-TFT面板,category,8104,錸寶
C23140,LCD-TFT面板,category,3543,州巧
C23150,LCD-零組件,category,3049,精金
C23150,LCD-零組件,category,3051,力特
C23150,LCD-零組件,category,5371,中光電
C23150,LCD-零組件,category,6120,達運
C23150,LCD-零組件,category,6176,瑞儀
C23150,LCD-零組件,category,8085,福華
C23150,LCD-零組件,category,8240,華宏
C23150,LCD-零組件,category,3523,迎輝
C23160,LCD-STN面板,category,3038,全台
C23160,LCD-STN面板,category,5315,光聯
C23160,LCD-STN面板,category,6167,久正
C23160,LCD-STN面板,category,8049,晶采
C23160,LCD-STN面板,category,8105,凌巨
C23160,LCD-STN面板,category,3622,洋華
C23160,LCD-STN面板,category,3615,安可
C23160,LCD-STN面板,category,3623,富晶通
C23170,電源供應器,category,1471,首利
C23170,電源供應器,category,2413,環科
C23170,電源供應器,category,2420,新巨
C23170,電源供應器,category,3002,歐格
C23170,電源供應器,category,3015,全漢
C23170,電源供應器,category,3078,僑威
C23170,電源供應器,category,5328,華容
C23170,電源供應器,category,6109,亞元
C23180,變壓器與UPS,category,3043,科風
C23180,變壓器與UPS,category,3191,雲嘉南
C23180,變壓器與UPS,category,5309,系統電
C23180,變壓器與UPS,category,3617,碩天
C23180,變壓器與UPS,category,3628,盈正
C23180,變壓器與UPS,category,6409,旭隼
C23190,主機板,category,2331,精英
C23190,主機板,category,2376,技嘉
C23190,主機板,category,2377,微星
C23190,主機板,category,2399,映泰
C23190,主機板,category,2405,輔信
C23190,主機板,category,2425,承啟
C23190,主機板,category,3515,華擎
C23190,主機板,category,5386,青雲
C23200,光學鏡片,category,3008,大立光
C23200,光學鏡片,category,3019,亞光
C23200,光學鏡片,category,3362,先進光
C23200,光學鏡片,category,6209,今國光
C23200,光學鏡片,category,3406,玉晶光
C23200,光學鏡片,category,3504,揚明光
C23200,光學鏡片,category,3630,新鉅科
C23200,光學鏡片,category,6431,光麗-KY
C23210,NB與手機零組件,category,2387,精元
C23210,NB與手機零組件,category,3017,奇鋐
C23210,NB與手機零組件,category,3095,及成
C23210,NB與手機零組件,category,6283,淳安
C23210,NB與手機零組件,category,3323,加百裕
C23210,NB與手機零組件,category,3625,西勝
C23210,NB與手機零組件,category,5215,科嘉-KY
C23210,NB與手機零組件,category,5223,安力-KY
C23220,PC介面卡,category,2417,圓剛
C23220,PC介面卡,category,5474,聰泰
C23220,PC介面卡,category,6150,撼訊
C23230,機殼,category,3013,晟銘電
C23230,機殼,category,3032,偉訓
C23230,機殼,category,3325,旭品
C23230,機殼,category,5426,振發
C23230,機殼,category,5465,富驊
C23230,機殼,category,6117,迎廣
C23230,機殼,category,8210,勤誠
C23230,機殼,category,3230,錦明
C23240,儀器設備工程,category,2360,致茂
C23240,儀器設備工程,category,2404,漢唐
C23240,儀器設備工程,category,2423,固緯
C23240,儀器設備工程,category,2464,盟立
C23240,儀器設備工程,category,3055,蔚華科
C23240,儀器設備工程,category,3093,港建*
C23240,儀器設備工程,category,5493,三聯
C23240,儀器設備工程,category,6122,擎邦
C23250,通訊設備,category,2314,台揚
C23250,通訊設備,category,2321,東訊
C23250,通訊設備,category,2419,仲琦
C23250,通訊設備,category,2485,兆赫
C23250,通訊設備,category,3025,星通
C23250,通訊設備,category,4905,台聯電
C23250,通訊設備,category,4908,前鼎
C23250,通訊設備,category,6152,百一
C23260,網通,category,2332,友訊
C23260,網通,category,2345,智邦
C23260,網通,category,2444,兆勁
C23260,網通,category,3062,建漢
C23260,網通,category,3380,明泰
C23260,網通,category,4906,正文
C23260,網通,category,5388,中磊
C23260,網通,category,6142,友勁
C23270,EMS,category,2317,鴻海
C23270,EMS,category,3701,大眾控
C23270,EMS,category,4938,和碩
C23270,EMS,category,3706,神達
C23270,EMS,category,6669,緯穎
C23270,EMS,category,2312,金寶
C23270,EMS,category,7711,永擎
C23270,EMS,category,7744,崴寶
C23280,其他,category,2461,光群雷
C23280,其他,category,8083,瑞穎
C23280,其他,category,3303,岱稜
C23280,其他,category,8410,森田
C23280,其他,category,6538,倉和
C23280,其他,category,5345,馥鴻
C23280,其他,category,2459,敦吉
C23280,其他,category,6895,宏碩系統
C30022,磁碟陣列,category,2495,普安
C30022,磁碟陣列,category,3057,喬鼎
C30022,磁碟陣列,category,7805,威聯通
C30023,二次電池,category,5227,立凱-KY
C30023,二次電池,category,6781,AES-KY
C30023,二次電池,category,8038,長園科
C30023,二次電池,category,3211,順達
C30023,二次電池,category,6121,新普
C30024,散熱零組件,category,2421,建準
C30024,散熱零組件,category,3324,雙鴻
C30024,散熱零組件,category,3338,泰碩
C30024,散熱零組件,category,3483,力致
C30024,散熱零組件,category,3653,健策
C30024,散熱零組件,category,6124,業強
C30024,散熱零組件,category,6230,尼得科超眾
C30024,散熱零組件,category,6275,元山
C30025,聲學元件,category,2415,錩新
C30025,聲學元件,category,3206,志豐
C30025,聲學元件,category,4943,康控-KY
C30026,金屬製品,category,2059,川湖
C30026,金屬製品,category,6584,南俊國際
C30027,電子元件通路,category,3224,三顧
C30027,電子元件通路,category,6761,穩得
C23290,數位相機,category,2374,佳能
C23290,數位相機,category,3059,華晶科
C23290,數位相機,category,6225,天瀚
C23290,數位相機,category,8249,菱光
C23310,顯示器,category,2489,瑞軒
C23310,顯示器,category,4503,金雨
C23310,顯示器,category,9912,偉聯
C23310,顯示器,category,6577,勁豐
C23310,顯示器,category,3168,眾福科
C23310,顯示器,category,2352,佳世達
C23310,顯示器,category,7753,星亞
C23320,電信服務,category,2412,中華電
C23320,電信服務,category,3045,台灣大
C23320,電信服務,category,4904,遠傳
C23330,工業電腦,category,2395,研華
C23330,工業電腦,category,3022,威強電
C23330,工業電腦,category,3088,艾訊
C23330,工業電腦,category,6166,凌華
C23330,工業電腦,category,8050,廣積
C23330,工業電腦,category,8234,新漢
C23330,工業電腦,category,3611,鼎翰
C23330,工業電腦,category,3577,泓格
C23350,資訊通路,category,2373,震旦行
C23350,資訊通路,category,2414,精技
C23350,資訊通路,category,2430,燦坤
C23350,資訊通路,category,2450,神腦
C23350,資訊通路,category,3114,好德
C23350,資訊通路,category,5410,國眾
C23350,資訊通路,category,6118,建達
C23350,資訊通路,category,6136,富爾特
C23360,掃描器,category,2305,全友
C23360,掃描器,category,2380,虹光
C23360,掃描器,category,6228,全譜
C23360,掃描器,category,4974,亞泰
C23360,掃描器,category,6863,永道-KY
C23360,掃描器,category,9105,泰金寶-DR
C23360,掃描器,category,5425,台半
C23370,安全監控,category,2390,云辰
C23370,安全監控,category,3297,杭特
C23370,安全監控,category,3356,奇偶
C23370,安全監控,category,5484,慧友
C23370,安全監控,category,5489,彩富
C23370,安全監控,category,8072,陞泰
C23370,安全監控,category,3128,昇銳
C23370,安全監控,category,3454,晶睿
C23380,筆記型電腦,category,2353,宏碁
C23380,筆記型電腦,category,2356,英業達
C23380,筆記型電腦,category,2362,藍天
C23380,筆記型電腦,category,2364,倫飛
C23380,筆記型電腦,category,3005,神基
C23380,筆記型電腦,category,2357,華碩
C23380,筆記型電腦,category,3231,緯創
C23380,筆記型電腦,category,2382,廣達
C23390,消費電子,category,2477,美隆電
C23390,消費電子,category,2488,漢平
C23390,消費電子,category,3040,遠見
C23390,消費電子,category,3067,全域
C23390,消費電子,category,6201,亞弘電
C23390,消費電子,category,8033,雷虎
C23390,消費電子,category,8201,無敵
C23390,消費電子,category,1604,聲寶
C23400,商業自動化,category,2482,連宇
C23400,商業自動化,category,5490,同亨
C23400,商業自動化,category,6160,欣技
C23400,商業自動化,category,6206,飛捷
C23400,商業自動化,category,8076,伍豐
C23400,商業自動化,category,8114,振樺電
C23400,商業自動化,category,5258,虹堡
C23410,手機製造,category,2498,宏達電
C23410,手機製造,category,8101,華冠
C23410,手機製造,category,6859,伯特光
C23415,太陽能,category,6244,茂迪
C23415,太陽能,category,5483,中美晶
C23415,太陽能,category,3576,聯合再生
C23415,太陽能,category,3686,達能
C23415,太陽能,category,4934,太極
C23415,太陽能,category,3691,碩禾
C23415,太陽能,category,2406,國碩
C23415,太陽能,category,6443,元晶
C23420,其他,category,6277,宏正
C23420,其他,category,8047,星雲
C23420,其他,category,2359,所羅門
C23420,其他,category,6512,啟發電
C23420,其他,category,8499,鼎炫-KY
C23420,其他,category,6855,數泓科
C23420,其他,category,4931,新盛力
C23420,其他,category,2323,中環
C30028,電腦周邊,category,2365,昆盈
C30028,電腦周邊,category,3272,東碩
C30028,電腦周邊,category,3287,廣寰科
C30028,電腦周邊,category,3349,寶德
C30028,電腦周邊,category,3494,誠研
C30028,電腦周邊,category,3540,曜越
C30028,電腦周邊,category,5356,協益
C30028,電腦周邊,category,5438,東友
C23430,系統整合,category,2427,三商電
C23430,系統整合,category,2453,凌群
C23430,系統整合,category,2468,華經
C23430,系統整合,category,2471,資通
C23430,系統整合,category,2480,敦陽科
C23430,系統整合,category,3029,零壹
C23430,系統整合,category,5201,凱衛
C23430,系統整合,category,5209,新鼎
C23440,遊戲,category,3064,泰偉
C23440,遊戲,category,3083,網龍
C23440,遊戲,category,3086,華義
C23440,遊戲,category,5478,智冠
C23440,遊戲,category,6111,大宇資
C23440,遊戲,category,6169,昱泉
C23440,遊戲,category,6180,橘子
C23440,遊戲,category,3293,鈊象
C23450,其他,category,3085,新零售
C23450,其他,category,5202,力新
C23450,其他,category,5211,蒙恬
C23450,其他,category,6183,關貿
C23450,其他,category,8044,網家
C23450,其他,category,3130,一零四
C23450,其他,category,5278,尚凡*
C23450,其他,category,5263,智崴
C28010,金控,category,2880,華南金
C28010,金控,category,2881,富邦金
C28010,金控,category,2882,國泰金
C28010,金控,category,2883,凱基金
C28010,金控,category,2884,玉山金
C28010,金控,category,2885,元大金
C28010,金控,category,2886,兆豐金
C28010,金控,category,2887,台新新光金
C28020,銀行,category,2801,彰銀
C28020,銀行,category,2812,台中銀
C28020,銀行,category,2834,臺企銀
C28020,銀行,category,2836,高雄銀
C28020,銀行,category,2838,聯邦銀
C28020,銀行,category,2845,遠東銀
C28020,銀行,category,2849,安泰銀
C28020,銀行,category,2897,王道銀行
C28030,證券,category,2855,統一證
C28030,證券,category,6005,群益證
C28030,證券,category,6015,宏遠證
C28030,證券,category,6016,康和證
C28030,證券,category,6020,大展證
C28030,證券,category,6021,美好證
C28030,證券,category,6023,元大期
C28030,證券,category,6024,群益期
C28040,保險,category,2816,旺旺保
C28040,保險,category,2832,台產
C28040,保險,category,2850,新產
C28040,保險,category,2851,中再保
C28040,保險,category,2852,第一保
C28040,保險,category,2867,三商壽
C28040,保險,category,5878,台名
C50020,水資源,concept,1504,東元
C50020,水資源,concept,1535,中宇
C50020,水資源,concept,1810,和成
C50020,水資源,concept,1817,凱撒衛
C50020,水資源,concept,2062,橋椿
C50020,水資源,concept,8383,千附
C50020,水資源,concept,8435,鉅邁
C50020,水資源,concept,8924,大田
C50030,Apple蘋果,concept,1582,信錦
C50030,Apple蘋果,concept,1904,正隆
C50030,Apple蘋果,concept,2301,光寶科
C50030,Apple蘋果,concept,2308,台達電
C50030,Apple蘋果,concept,2313,華通
C50030,Apple蘋果,concept,2317,鴻海
C50030,Apple蘋果,concept,2324,仁寶
C50030,Apple蘋果,concept,2327,國巨*
C50040,Apple Pay,concept,2454,聯發科
C50040,Apple Pay,concept,2482,連宇
C50040,Apple Pay,concept,3048,益登
C50040,Apple Pay,concept,3094,聯傑
C50040,Apple Pay,concept,3529,力旺
C50040,Apple Pay,concept,3687,歐買尬
C50040,Apple Pay,concept,5490,同亨
C50040,Apple Pay,concept,6155,鈞寶
C50050,智慧型機器人/機械手臂,concept,2049,上銀
C50050,智慧型機器人/機械手臂,concept,2377,微星
C50050,智慧型機器人/機械手臂,concept,6166,凌華
C50050,智慧型機器人/機械手臂,concept,2359,所羅門
C50050,智慧型機器人/機械手臂,concept,8374,羅昇
C50050,智慧型機器人/機械手臂,concept,4562,穎漢
C50050,智慧型機器人/機械手臂,concept,2365,昆盈
C50050,智慧型機器人/機械手臂,concept,2464,盟立
C50070,Tesla特斯拉,concept,1536,和大
C50070,Tesla特斯拉,concept,1723,中碳
C50070,Tesla特斯拉,concept,2066,世德
C50070,Tesla特斯拉,concept,2201,裕隆
C50070,Tesla特斯拉,concept,2308,台達電
C50070,Tesla特斯拉,concept,2313,華通
C50070,Tesla特斯拉,concept,2360,致茂
C50070,Tesla特斯拉,concept,2392,正崴
C50080,IOT物聯網,concept,2308,台達電
C50080,IOT物聯網,concept,2356,英業達
C50080,IOT物聯網,concept,2357,華碩
C50080,IOT物聯網,concept,2377,微星
C50080,IOT物聯網,concept,2395,研華
C50080,IOT物聯網,concept,2414,精技
C50080,IOT物聯網,concept,2436,偉詮電
C50080,IOT物聯網,concept,2461,光群雷
C50090,Type-c,concept,2236,百達-KY
C50090,Type-c,concept,2317,鴻海
C50090,Type-c,concept,2357,華碩
C50090,Type-c,concept,2377,微星
C50090,Type-c,concept,2379,瑞昱
C50090,Type-c,concept,2388,威盛
C50090,Type-c,concept,2392,正崴
C50090,Type-c,concept,2436,偉詮電
C50100,VR虛擬實境,concept,2385,群光
C50100,VR虛擬實境,concept,2498,宏達電
C50100,VR虛擬實境,concept,5351,鈺創
C50100,VR虛擬實境,concept,2388,威盛
C50100,VR虛擬實境,concept,2458,義隆
C50100,VR虛擬實境,concept,2379,瑞昱
C50100,VR虛擬實境,concept,6237,驊訊
C50100,VR虛擬實境,concept,3504,揚明光
C50110,宅經濟,concept,2412,中華電
C50110,宅經濟,concept,3045,台灣大
C50110,宅經濟,concept,3083,網龍
C50110,宅經濟,concept,3086,華義
C50110,宅經濟,concept,3293,鈊象
C50110,宅經濟,concept,3546,宇峻
C50110,宅經濟,concept,3687,歐買尬
C50110,宅經濟,concept,4946,辣椒
C50120,文創,concept,1216,統一
C50120,文創,concept,2323,中環
C50120,文創,concept,2392,正崴
C50120,文創,concept,2926,誠品生活
C50120,文創,concept,3064,泰偉
C50120,文創,concept,3083,網龍
C50120,文創,concept,3086,華義
C50120,文創,concept,3293,鈊象
C50130,人臉辨識,concept,2330,台積電
C50130,人臉辨識,concept,2344,華邦電
C50130,人臉辨識,concept,2357,華碩
C50130,人臉辨識,concept,2401,凌陽
C50130,人臉辨識,concept,2405,輔信
C50130,人臉辨識,concept,2458,義隆
C50130,人臉辨識,concept,2498,宏達電
C50130,人臉辨識,concept,3035,智原
C50140,夏季,concept,1108,幸福
C50140,夏季,concept,1216,統一
C50140,夏季,concept,1217,愛之味
C50140,夏季,concept,1218,泰山
C50140,夏季,concept,1234,黑松
C50140,夏季,concept,1256,鮮活果汁-KY
C50140,夏季,concept,1504,東元
C50140,夏季,concept,1535,中宇
C50150,自動駕駛,concept,1533,車王電
C50150,自動駕駛,concept,2207,和泰車
C50150,自動駕駛,concept,2312,金寶
C50150,自動駕駛,concept,2497,怡利電
C50150,自動駕駛,concept,3059,華晶科
C50150,自動駕駛,concept,3227,原相
C50150,自動駕駛,concept,3552,同致
C50150,自動駕駛,concept,3605,宏致
C50160,行動支付,concept,2330,台積電
C50160,行動支付,concept,2344,華邦電
C50160,行動支付,concept,2412,中華電
C50160,行動支付,concept,2436,偉詮電
C50160,行動支付,concept,2449,京元電子
C50160,行動支付,concept,2453,凌群
C50160,行動支付,concept,2454,聯發科
C50160,行動支付,concept,2458,義隆
C50170,車用電子,concept,1522,堤維西
C50170,車用電子,concept,1533,車王電
C50170,車用電子,concept,1612,宏泰
C50170,車用電子,concept,2115,六暉-KY
C50170,車用電子,concept,2231,為升
C50170,車用電子,concept,2301,光寶科
C50170,車用電子,concept,2308,台達電
C50170,車用電子,concept,2312,金寶
C50180,NFC,concept,2330,台積電
C50180,NFC,concept,2379,瑞昱
C50180,NFC,concept,2412,中華電
C50180,NFC,concept,2414,精技
C50180,NFC,concept,2436,偉詮電
C50180,NFC,concept,2449,京元電子
C50180,NFC,concept,2454,聯發科
C50180,NFC,concept,2482,連宇
C50190,長照,concept,1593,祺驊
C50190,長照,concept,1733,五鼎
C50190,長照,concept,1736,喬山
C50190,長照,concept,1781,合世
C50190,長照,concept,1783,和康生
C50190,長照,concept,1784,訊聯
C50190,長照,concept,2352,佳世達
C50190,長照,concept,3455,由田
C50200,指紋辨識,concept,2330,台積電
C50200,指紋辨識,concept,2441,超豐
C50200,指紋辨識,concept,2458,義隆
C50200,指紋辨識,concept,3034,聯詠
C50200,指紋辨識,concept,3189,景碩
C50200,指紋辨識,concept,3264,欣銓
C50200,指紋辨識,concept,3374,精材
C50200,指紋辨識,concept,4919,新唐
C50210,航空/航太,concept,1513,中興電
C50210,航空/航太,concept,1530,亞崴
C50210,航空/航太,concept,1540,喬福
C50210,航空/航太,concept,1583,程泰
C50210,航空/航太,concept,1584,精剛
C50210,航空/航太,concept,2049,上銀
C50210,航空/航太,concept,2233,宇隆
C50210,航空/航太,concept,2634,漢翔
C50220,ADAS,concept,1521,大億
C50220,ADAS,concept,1533,車王電
C50220,ADAS,concept,2228,劍麟
C50220,ADAS,concept,2329,華泰
C50220,ADAS,concept,2337,旺宏
C50220,ADAS,concept,2344,華邦電
C50220,ADAS,concept,2379,瑞昱
C50220,ADAS,concept,2401,凌陽
C50230,資訊月,concept,2331,精英
C50230,資訊月,concept,2353,宏碁
C50230,資訊月,concept,2357,華碩
C50230,資訊月,concept,2376,技嘉
C50230,資訊月,concept,2377,微星
C50230,資訊月,concept,2412,中華電
C50230,資訊月,concept,2430,燦坤
C50230,資訊月,concept,2498,宏達電
C50240,福建自貿區,concept,1301,台塑
C50240,福建自貿區,concept,2201,裕隆
C50240,福建自貿區,concept,2227,裕日車
C50240,福建自貿區,concept,2303,聯電
C50240,福建自貿區,concept,2801,彰銀
C50240,福建自貿區,concept,2880,華南金
C50240,福建自貿區,concept,2881,富邦金
C50240,福建自貿區,concept,2890,永豐金
C50250,一帶一路,concept,1101,台泥
C50250,一帶一路,concept,1102,亞泥
C50250,一帶一路,concept,1301,台塑
C50250,一帶一路,concept,1303,南亞
C50250,一帶一路,concept,1611,中電
C50250,一帶一路,concept,1802,台玻
C50250,一帶一路,concept,2002,中鋼
C50250,一帶一路,concept,2049,上銀
C50260,穿載裝置,concept,1104,環泥
C50260,穿載裝置,concept,1711,永光
C50260,穿載裝置,concept,1717,長興
C50260,穿載裝置,concept,1781,合世
C50260,穿載裝置,concept,2303,聯電
C50260,穿載裝置,concept,2308,台達電
C50260,穿載裝置,concept,2312,金寶
C50260,穿載裝置,concept,2317,鴻海
C50270,第三方支付,concept,1216,統一
C50270,第三方支付,concept,1402,遠東新
C50270,第三方支付,concept,1626,艾美特-KY
C50270,第三方支付,concept,2308,台達電
C50270,第三方支付,concept,2388,威盛
C50270,第三方支付,concept,2412,中華電
C50270,第三方支付,concept,2430,燦坤
C50270,第三方支付,concept,2436,偉詮電
C50280,車聯網,concept,1533,車王電
C50280,車聯網,concept,2204,中華
C50280,車聯網,concept,2228,劍麟
C50280,車聯網,concept,2231,為升
C50280,車聯網,concept,2308,台達電
C50280,車聯網,concept,2317,鴻海
C50280,車聯網,concept,2327,國巨*
C50280,車聯網,concept,2330,台積電
C50290,無線充電,concept,2301,光寶科
C50290,無線充電,concept,2308,台達電
C50290,無線充電,concept,2317,鴻海
C50290,無線充電,concept,2324,仁寶
C50290,無線充電,concept,2330,台積電
C50290,無線充電,concept,2353,宏碁
C50290,無線充電,concept,2357,華碩
C50290,無線充電,concept,2392,正崴
C50300,CES,concept,1569,濱川
C50300,CES,concept,2059,川湖
C50300,CES,concept,2301,光寶科
C50300,CES,concept,2303,聯電
C50300,CES,concept,2308,台達電
C50300,CES,concept,2312,金寶
C50300,CES,concept,2314,台揚
C50300,CES,concept,2317,鴻海
C50310,Home Depot,concept,1527,鑽全
C50310,Home Depot,concept,1539,巨庭
C50310,Home Depot,concept,1541,錩泰
C50310,Home Depot,concept,1570,力肯
C50310,Home Depot,concept,1591,駿吉-KY
C50310,Home Depot,concept,2062,橋椿
C50310,Home Depot,concept,2908,特力
C50310,Home Depot,concept,3484,崧騰
C50320,MWC,concept,1533,車王電
C50320,MWC,concept,2308,台達電
C50320,MWC,concept,2317,鴻海
C50320,MWC,concept,2324,仁寶
C50320,MWC,concept,2330,台積電
C50320,MWC,concept,2332,友訊
C50320,MWC,concept,2353,宏碁
C50320,MWC,concept,2356,英業達
C50330,TPP,concept,1326,台化
C50330,TPP,concept,1402,遠東新
C50330,TPP,concept,1434,福懋
C50330,TPP,concept,1440,南紡
C50330,TPP,concept,1447,力鵬
C50330,TPP,concept,1451,年興
C50330,TPP,concept,1463,強盛新
C50330,TPP,concept,1476,儒鴻
C50340,Under Armour,concept,1307,三芳
C50340,Under Armour,concept,1402,遠東新
C50340,Under Armour,concept,1434,福懋
C50340,Under Armour,concept,1452,宏益
C50340,Under Armour,concept,1460,宏遠
C50340,Under Armour,concept,1464,得力
C50340,Under Armour,concept,1467,南緯
C50340,Under Armour,concept,1476,儒鴻
C50350,5G,concept,2314,台揚
C50350,5G,concept,2317,鴻海
C50350,5G,concept,2332,友訊
C50350,5G,concept,2353,宏碁
C50350,5G,concept,2356,英業達
C50350,5G,concept,2357,華碩
C50350,5G,concept,2395,研華
C50350,5G,concept,2412,中華電
C50360,FANG,concept,2324,仁寶
C50360,FANG,concept,2330,台積電
C50360,FANG,concept,2344,華邦電
C50360,FANG,concept,2356,英業達
C50360,FANG,concept,2368,金像電
C50360,FANG,concept,2382,廣達
C50360,FANG,concept,2454,聯發科
C50360,FANG,concept,3231,緯創
C50380,Micro LED,concept,2317,鴻海
C50380,Micro LED,concept,2409,友達
C50380,Micro LED,concept,3034,聯詠
C50380,Micro LED,concept,3437,榮創
C50380,Micro LED,concept,3481,群創
C50380,Micro LED,concept,3527,聚積
C50380,Micro LED,concept,5245,智晶
C50380,Micro LED,concept,8104,錸寶
C50390,RFID,concept,2436,偉詮電
C50390,RFID,concept,2461,光群雷
C50390,RFID,concept,3094,聯傑
C50390,RFID,concept,3169,亞信
C50390,RFID,concept,3419,譁裕
C50390,RFID,concept,3535,晶彩科
C50390,RFID,concept,3611,鼎翰
C50390,RFID,concept,6202,盛群
C50400,任天堂Switch,concept,2317,鴻海
C50400,任天堂Switch,concept,2330,台積電
C50400,任天堂Switch,concept,2337,旺宏
C50400,任天堂Switch,concept,2354,鴻準
C50400,任天堂Switch,concept,2379,瑞昱
C50400,任天堂Switch,concept,2388,威盛
C50400,任天堂Switch,concept,3227,原相
C50400,任天堂Switch,concept,4968,立積
C50410,AI人工智慧,concept,2330,台積電
C50410,AI人工智慧,concept,2356,英業達
C50410,AI人工智慧,concept,2382,廣達
C50410,AI人工智慧,concept,2439,美律
C50410,AI人工智慧,concept,2454,聯發科
C50410,AI人工智慧,concept,3189,景碩
C50410,AI人工智慧,concept,3231,緯創
C50410,AI人工智慧,concept,3443,創意
C50420,共享單車,concept,2105,正新
C50420,共享單車,concept,2106,建大
C50420,共享單車,concept,2115,六暉-KY
C50420,共享單車,concept,2317,鴻海
C50420,共享單車,concept,9921,巨大
C50430,Fun暑假,concept,2365,昆盈
C50430,Fun暑假,concept,2392,正崴
C50430,Fun暑假,concept,2610,華航
C50430,Fun暑假,concept,2618,長榮航
C50430,Fun暑假,concept,2705,六福
C50430,Fun暑假,concept,2912,統一超
C50430,Fun暑假,concept,3011,今皓
C50430,Fun暑假,concept,4994,傳奇
C50440,智慧音箱,concept,2317,鴻海
C50440,智慧音箱,concept,2330,台積電
C50440,智慧音箱,concept,2356,英業達
C50440,智慧音箱,concept,2385,群光
C50440,智慧音箱,concept,2421,建準
C50440,智慧音箱,concept,2439,美律
C50440,智慧音箱,concept,2454,聯發科
C50440,智慧音箱,concept,4915,致伸
C50450,電競,concept,2362,藍天
C50450,電競,concept,2376,技嘉
C50450,電競,concept,2377,微星
C50450,電競,concept,3324,雙鴻
C50450,電競,concept,3540,曜越
C50450,電競,concept,2353,宏碁
C50450,電競,concept,2357,華碩
C50450,電競,concept,3515,華擎
C50460,3D感測,concept,2317,鴻海
C50460,3D感測,concept,2330,台積電
C50460,3D感測,concept,2360,致茂
C50460,3D感測,concept,2455,全新
C50460,3D感測,concept,3008,大立光
C50460,3D感測,concept,3019,亞光
C50460,3D感測,concept,3059,華晶科
C50460,3D感測,concept,3105,穩懋
C50470,空污,concept,1325,恆大
C50470,空污,concept,1504,東元
C50470,空污,concept,1614,三洋電
C50470,空污,concept,1626,艾美特-KY
C50470,空污,concept,1723,中碳
C50470,空污,concept,6192,巨路
C50470,空污,concept,6504,南六
C50470,空污,concept,9103,美德醫療-DR
C50480,AR擴增實境,concept,3167,大量
C50480,AR擴增實境,concept,3227,原相
C50480,AR擴增實境,concept,4938,和碩
C50480,AR擴增實境,concept,5203,訊連
C50480,AR擴增實境,concept,5351,鈺創
C50480,AR擴增實境,concept,8086,宏捷科
C50480,AR擴增實境,concept,8450,霹靂
C50480,AR擴增實境,concept,5245,智晶
C50490,氫燃料電池,concept,1513,中興電
C50490,氫燃料電池,concept,1537,廣隆
C50490,氫燃料電池,concept,1611,中電
C50490,氫燃料電池,concept,1723,中碳
C50490,氫燃料電池,concept,2308,台達電
C50490,氫燃料電池,concept,3211,順達
C50490,氫燃料電池,concept,3323,加百裕
C50490,氫燃料電池,concept,3625,西勝
C50500,電動車,concept,1522,堤維西
C50500,電動車,concept,1536,和大
C50500,電動車,concept,1723,中碳
C50500,電動車,concept,2104,國際中橡
C50500,電動車,concept,2105,正新
C50500,電動車,concept,2204,中華
C50500,電動車,concept,2308,台達電
C50500,電動車,concept,2313,華通
C50510,智慧城市,concept,2308,台達電
C50510,智慧城市,concept,2353,宏碁
C50510,智慧城市,concept,2371,大同
C50510,智慧城市,concept,2382,廣達
C50510,智慧城市,concept,2395,研華
C50510,智慧城市,concept,2412,中華電
C50510,智慧城市,concept,3045,台灣大
C50510,智慧城市,concept,3057,喬鼎
C50530,矽晶圓,concept,5483,中美晶
C50530,矽晶圓,concept,6182,合晶
C50530,矽晶圓,concept,6488,環球晶
C50530,矽晶圓,concept,3016,嘉晶
C50530,矽晶圓,concept,3532,台勝科
C50540,寧德時代,concept,1723,中碳
C50540,寧德時代,concept,2104,國際中橡
C50540,寧德時代,concept,3526,凡甲
C50540,寧德時代,concept,4721,美琪瑪
C50540,寧德時代,concept,4739,康普
C50540,寧德時代,concept,8038,長園科
C50540,寧德時代,concept,8183,精星
C50540,寧德時代,concept,5425,台半
C50550,A股入摩,concept,1909,榮成
C50550,A股入摩,concept,2316,楠梓電
C50550,A股入摩,concept,2317,鴻海
C50550,A股入摩,concept,2328,廣宇
C50550,A股入摩,concept,2454,聯發科
C50550,A股入摩,concept,2881,富邦金
C50550,A股入摩,concept,2882,國泰金
C50550,A股入摩,concept,2883,凱基金
C50560,零售,concept,2912,統一超
C50560,零售,concept,3019,亞光
C50560,零售,concept,3141,晶宏
C50560,零售,concept,3504,揚明光
C50560,零售,concept,5351,鈺創
C50560,零售,concept,5903,全家
C50560,零售,concept,8069,元太
C50560,零售,concept,6863,永道-KY
C50570,DANCE,concept,1536,和大
C50570,DANCE,concept,1760,寶齡富錦
C50570,DANCE,concept,2002,中鋼
C50570,DANCE,concept,2330,台積電
C50570,DANCE,concept,2345,智邦
C50570,DANCE,concept,2356,英業達
C50570,DANCE,concept,2382,廣達
C50570,DANCE,concept,3008,大立光
C50580,二胎化,concept,1216,統一
C50580,二胎化,concept,1227,佳格
C50580,二胎化,concept,1325,恆大
C50580,二胎化,concept,1476,儒鴻
C50580,二胎化,concept,1477,聚陽
C50580,二胎化,concept,1784,訊聯
C50580,二胎化,concept,2911,麗嬰房
C50580,二胎化,concept,2924,宏太-KY
C50590,顯示器,concept,2409,友達
C50590,顯示器,concept,3034,聯詠
C50590,顯示器,concept,3481,群創
C50590,顯示器,concept,3673,TPK-KY
C50590,顯示器,concept,4960,誠美材
C50590,顯示器,concept,5371,中光電
C50590,顯示器,concept,6176,瑞儀
C50590,顯示器,concept,6456,GIS-KY
C50600,比特幣挖礦,concept,3078,僑威
C50600,比特幣挖礦,concept,2308,台達電
C50600,比特幣挖礦,concept,2376,技嘉
C50600,比特幣挖礦,concept,2377,微星
C50600,比特幣挖礦,concept,2399,映泰
C50600,比特幣挖礦,concept,2465,麗臺
C50600,比特幣挖礦,concept,3015,全漢
C50600,比特幣挖礦,concept,3324,雙鴻
C50610,旅遊,concept,2610,華航
C50610,旅遊,concept,2618,長榮航
C50610,旅遊,concept,2702,華園
C50610,旅遊,concept,2704,國賓
C50610,旅遊,concept,2705,六福
C50610,旅遊,concept,2707,晶華
C50610,旅遊,concept,2719,燦星旅
C50610,旅遊,concept,2722,夏都
C50620,Airpods,concept,2367,燿華
C50620,Airpods,concept,2379,瑞昱
C50620,Airpods,concept,3323,加百裕
C50620,Airpods,concept,3376,新日興
C50620,Airpods,concept,4915,致伸
C50620,Airpods,concept,5272,笙科
C50620,Airpods,concept,6121,新普
C50620,Airpods,concept,2454,聯發科
C50630,防疫,concept,1731,美吾華
C50630,防疫,concept,1732,毛寶
C50630,防疫,concept,1762,中化生
C50630,防疫,concept,1789,神隆
C50630,防疫,concept,3176,基亞
C50630,防疫,concept,4142,國光生
C50630,防疫,concept,6547,高端疫苗
C50630,防疫,concept,1325,恆大
C50640,風力發電,concept,1513,中興電
C50640,風力發電,concept,1514,亞力
C50640,風力發電,concept,1519,華城
C50640,風力發電,concept,1589,永冠-KY
C50640,風力發電,concept,1605,華新
C50640,風力發電,concept,1609,大亞
C50640,風力發電,concept,1802,台玻
C50640,風力發電,concept,2013,中鋼構
C50650,智慧電網,concept,1503,士電
C50650,智慧電網,concept,1514,亞力
C50650,智慧電網,concept,1519,華城
C50650,智慧電網,concept,3047,訊舟
C50650,智慧電網,concept,6282,康舒
C50650,智慧電網,concept,6873,泓德能源
C50660,軍工/國防,concept,2002,中鋼
C50660,軍工/國防,concept,2049,上銀
C50660,軍工/國防,concept,2208,台船
C50660,軍工/國防,concept,2360,致茂
C50660,軍工/國防,concept,2634,漢翔
C50660,軍工/國防,concept,3005,神基
C50660,軍工/國防,concept,4916,事欣科
C50660,軍工/國防,concept,4971,IET-KY
C50670,智慧醫療,concept,2352,佳世達
C50670,智慧醫療,concept,3297,杭特
C50670,智慧醫療,concept,3454,晶睿
C50670,智慧醫療,concept,4116,明基醫
C50670,智慧醫療,concept,4736,泰博
C50670,智慧醫療,concept,8403,盛弘
C50670,智慧醫療,concept,6841,長佳智能
C50670,智慧醫療,concept,6861,睿生光電
C50680,美容,concept,1325,恆大
C50680,美容,concept,4137,麗豐-KY
C50680,美容,concept,4190,佐登-KY
C50680,美容,concept,4728,雙美
C50680,美容,concept,4763,材料*-KY
C50680,美容,concept,6504,南六
C50680,美容,concept,8436,大江
C50680,美容,concept,9919,康那香
C50690,資安,concept,2453,凌群
C50690,資安,concept,2468,華經
C50690,資安,concept,2471,資通
C50690,資安,concept,2480,敦陽科
C50690,資安,concept,4953,緯軟
C50690,資安,concept,6214,精誠
C50690,資安,concept,6245,立端
C50700,折疊機,concept,1582,信錦
C50700,折疊機,concept,2455,全新
C50700,折疊機,concept,3376,新日興
C50700,折疊機,concept,3455,由田
C50700,折疊機,concept,3548,兆利
C50700,折疊機,concept,5234,達興材料
C50710,衛星/低軌衛星,concept,2314,台揚
C50710,衛星/低軌衛星,concept,2383,台光電
C50710,衛星/低軌衛星,concept,3491,昇達科
C50710,衛星/低軌衛星,concept,4909,新復興
C50710,衛星/低軌衛星,concept,6568,宏觀
C50710,衛星/低軌衛星,concept,2312,金寶
C50710,衛星/低軌衛星,concept,2313,華通
C50710,衛星/低軌衛星,concept,2419,仲琦
C50720,遠距教學,concept,2496,卓越
C50720,遠距教學,concept,5481,新華
C50720,遠距教學,concept,6294,智基
C50720,遠距教學,concept,8437,大地-KY
C50720,遠距教學,concept,8489,三貝德
C50720,遠距教學,concept,2345,智邦
C50720,遠距教學,concept,2419,仲琦
C50720,遠距教學,concept,3380,明泰
C50730,環境工程,concept,1535,中宇
C50730,環境工程,concept,6581,鋼聯
C50730,環境工程,concept,6624,萬年清
C50730,環境工程,concept,6803,崑鼎
C50730,環境工程,concept,8341,日友
C50730,環境工程,concept,8390,金益鼎
C50730,環境工程,concept,8422,可寧衛*
C50730,環境工程,concept,8435,鉅邁
C50740,保健食品,concept,1707,葡萄王
C50740,保健食品,concept,3164,景岳
C50740,保健食品,concept,3205,佰研
C50740,保健食品,concept,4109,加捷生醫
C50740,保健食品,concept,4127,天良
C50740,保健食品,concept,8279,生展
C50740,保健食品,concept,8436,大江
C50740,保健食品,concept,1796,金穎生技
C50750,寵物,concept,1210,大成
C50750,寵物,concept,1215,卜蜂
C50750,寵物,concept,1216,統一
C50750,寵物,concept,1219,福壽
C50750,寵物,concept,1220,台榮
C50750,寵物,concept,1225,福懋油
C50750,寵物,concept,1720,生達
C50750,寵物,concept,3705,永信
C50760,東協,concept,1315,達新
C50760,東協,concept,1434,福懋
C50760,東協,concept,1473,台南
C50760,東協,concept,2006,東和鋼鐵
C50760,東協,concept,4426,利勤
C50760,東協,concept,9904,寶成
C50760,東協,concept,9939,宏全
C50760,東協,concept,9940,信義
C50770,建材,concept,1726,永記
C50770,建材,concept,1809,中釉
C50770,建材,concept,1810,和成
C50770,建材,concept,1817,凱撒衛
C50770,建材,concept,9906,欣巴巴
C50780,黃金,concept,1785,光洋科
C50780,黃金,concept,8390,金益鼎
C50780,黃金,concept,9955,佳龍
C50790,Mini LED,concept,2409,友達
C50790,Mini LED,concept,3481,群創
C50790,Mini LED,concept,3527,聚積
C50790,Mini LED,concept,4956,光鋐
C50790,Mini LED,concept,5434,崇越
C50790,Mini LED,concept,2393,億光
C50790,Mini LED,concept,2426,鼎元
C50790,Mini LED,concept,3321,同泰
C50800,散熱模組,concept,2354,鴻準
C50800,散熱模組,concept,2421,建準
C50800,散熱模組,concept,3017,奇鋐
C50800,散熱模組,concept,3324,雙鴻
C50800,散熱模組,concept,3483,力致
C50800,散熱模組,concept,6230,尼得科超眾
C50800,散熱模組,concept,6591,動力-KY
C50800,散熱模組,concept,3338,泰碩
C50810,新藥,concept,1734,杏輝
C50810,新藥,concept,1760,寶齡富錦
C50810,新藥,concept,1789,神隆
C50810,新藥,concept,2104,國際中橡
C50810,新藥,concept,3176,基亞
C50810,新藥,concept,3205,佰研
C50810,新藥,concept,4105,東洋
C50810,新藥,concept,4108,懷特
C50820,iPhone,concept,2308,台達電
C50820,iPhone,concept,2313,華通
C50820,iPhone,concept,2317,鴻海
C50820,iPhone,concept,2330,台積電
C50820,iPhone,concept,2354,鴻準
C50820,iPhone,concept,2383,台光電
C50820,iPhone,concept,2392,正崴
C50820,iPhone,concept,2421,建準
C50830,AMD,concept,2303,聯電
C50830,AMD,concept,2330,台積電
C50830,AMD,concept,2331,精英
C50830,AMD,concept,2353,宏碁
C50830,AMD,concept,2356,英業達
C50830,AMD,concept,2357,華碩
C50830,AMD,concept,2363,矽統
C50830,AMD,concept,2364,倫飛
C50840,雙十一,concept,1476,儒鴻
C50840,雙十一,concept,1477,聚陽
C50840,雙十一,concept,1904,正隆
C50840,雙十一,concept,1905,華紙
C50840,雙十一,concept,1907,永豐餘
C50840,雙十一,concept,1909,榮成
C50840,雙十一,concept,2347,聯強
C50840,雙十一,concept,2353,宏碁
C50850,PS5,concept,2301,光寶科
C50850,PS5,concept,2308,台達電
C50850,PS5,concept,2317,鴻海
C50850,PS5,concept,2330,台積電
C50850,PS5,concept,2354,鴻準
C50850,PS5,concept,2385,群光
C50850,PS5,concept,2392,正崴
C50850,PS5,concept,2454,聯發科
C50851,PCB,concept,2313,華通
C50851,PCB,concept,2316,楠梓電
C50851,PCB,concept,2355,敬鵬
C50851,PCB,concept,2367,燿華
C50851,PCB,concept,2368,金像電
C50851,PCB,concept,2429,銘旺科
C50851,PCB,concept,3037,欣興
C50851,PCB,concept,3044,健鼎
C50852,IC載板,concept,3037,欣興
C50852,IC載板,concept,8046,南電
C50852,IC載板,concept,3189,景碩
C50852,IC載板,concept,4958,臻鼎-KY
C50853,被動元件,concept,2308,台達電
C50853,被動元件,concept,2327,國巨*
C50853,被動元件,concept,2375,凱美
C50853,被動元件,concept,2413,環科
C50853,被動元件,concept,2428,興勤
C50853,被動元件,concept,2472,立隆電
C50853,被動元件,concept,2478,大毅
C50853,被動元件,concept,2484,希華
C50854,電容,concept,2327,國巨*
C50854,電容,concept,2375,凱美
C50854,電容,concept,2472,立隆電
C50854,電容,concept,2492,華新科
C50854,電容,concept,3026,禾伸堂
C50854,電容,concept,3090,日電貿
C50854,電容,concept,6449,鈺邦
C50854,電容,concept,8042,金山電
C50855,電阻,concept,2375,凱美
C50855,電阻,concept,3002,歐格
C50855,電阻,concept,3624,光頡
C50855,電阻,concept,6204,艾華
C50856,電感,concept,2308,台達電
C50856,電感,concept,2413,環科
C50856,電感,concept,3207,耀勝
C50856,電感,concept,3236,千如
C50856,電感,concept,3357,臺慶科
C50856,電感,concept,3624,光頡
C50856,電感,concept,6155,鈞寶
C50856,電感,concept,6432,今展科
C50857,石英元件,concept,2484,希華
C50857,石英元件,concept,3042,晶技
C50857,石英元件,concept,3221,台嘉碩
C50857,石英元件,concept,6174,安碁
C50857,石英元件,concept,8182,加高
C50858,鋁質電容,concept,2375,凱美
C50858,鋁質電容,concept,2472,立隆電
C50858,鋁質電容,concept,3090,日電貿
C50858,鋁質電容,concept,8042,金山電
C50859,保護元件,concept,2428,興勤
C50859,保護元件,concept,2478,大毅
C50859,保護元件,concept,6224,聚鼎
C50859,保護元件,concept,6642,富致
C50859,保護元件,concept,6411,晶焱
C50860,濾波器,concept,2484,希華
C50860,濾波器,concept,3152,璟德
C50860,濾波器,concept,3221,台嘉碩
C50860,濾波器,concept,6174,安碁
C50860,濾波器,concept,3491,昇達科
C50861,變壓器,concept,2308,台達電
C50861,變壓器,concept,2413,環科
C50861,變壓器,concept,2459,敦吉
C50861,變壓器,concept,3027,盛達
C50861,變壓器,concept,3058,立德
C50861,變壓器,concept,3191,雲嘉南
C50861,變壓器,concept,3207,耀勝
C50861,變壓器,concept,3609,三一東林
C50862,電源供應器,concept,1471,首利
C50862,電源供應器,concept,2301,光寶科
C50862,電源供應器,concept,2308,台達電
C50862,電源供應器,concept,2385,群光
C50862,電源供應器,concept,2413,環科
C50862,電源供應器,concept,2420,新巨
C50862,電源供應器,concept,2431,聯昌
C50862,電源供應器,concept,2457,飛宏
C50863,連接器,concept,2317,鴻海
C50863,連接器,concept,2328,廣宇
C50863,連接器,concept,2392,正崴
C50863,連接器,concept,2460,建通
C50863,連接器,concept,2483,百容
C50863,連接器,concept,3003,健和興
C50863,連接器,concept,3023,信邦
C50863,連接器,concept,3217,優群
C50864,PCB材料,concept,3115,富榮綱
C50864,PCB材料,concept,3305,昇貿
C50864,PCB材料,concept,3631,晟楠
C50864,PCB材料,concept,3645,達邁
C50864,PCB材料,concept,5381,合正
C50864,PCB材料,concept,8074,鉅橡
C50865,銅箔,concept,4989,榮科
C50865,銅箔,concept,8358,金居
C50866,銅箔基板,concept,2383,台光電
C50866,銅箔基板,concept,5340,建榮
C50866,銅箔基板,concept,5381,合正
C50866,銅箔基板,concept,5475,德宏
C50866,銅箔基板,concept,5481,新華
C50866,銅箔基板,concept,6213,聯茂
C50866,銅箔基板,concept,6274,台燿
C50866,銅箔基板,concept,8039,台虹
C50867,Chromebook,concept,2317,鴻海
C50867,Chromebook,concept,2324,仁寶
C50867,Chromebook,concept,2353,宏碁
C50867,Chromebook,concept,2357,華碩
C50867,Chromebook,concept,2379,瑞昱
C50867,Chromebook,concept,2382,廣達
C50867,Chromebook,concept,2454,聯發科
C50867,Chromebook,concept,2458,義隆
C50868,居家辦公(WFH),concept,2324,仁寶
C50868,居家辦公(WFH),concept,2353,宏碁
C50868,居家辦公(WFH),concept,2357,華碩
C50868,居家辦公(WFH),concept,2376,技嘉
C50868,居家辦公(WFH),concept,2377,微星
C50868,居家辦公(WFH),concept,2382,廣達
C50868,居家辦公(WFH),concept,2458,義隆
C50868,居家辦公(WFH),concept,3596,智易
C50869,物流,concept,1904,正隆
C50869,物流,concept,1907,永豐餘
C50869,物流,concept,1909,榮成
C50869,物流,concept,2607,榮運
C50869,物流,concept,2608,嘉里大榮
C50869,物流,concept,2636,台驊控股
C50869,物流,concept,2642,宅配通
C50869,物流,concept,2643,捷迅
C50870,O-RAN,concept,2314,台揚
C50870,O-RAN,concept,2345,智邦
C50870,O-RAN,concept,2382,廣達
C50870,O-RAN,concept,2412,中華電
C50870,O-RAN,concept,3062,建漢
C50870,O-RAN,concept,3138,耀登
C50870,O-RAN,concept,3380,明泰
C50870,O-RAN,concept,3596,智易
C50871,電商,concept,1515,力山
C50871,電商,concept,1598,岱宇
C50871,電商,concept,1736,喬山
C50871,電商,concept,2353,宏碁
C50871,電商,concept,2357,華碩
C50871,電商,concept,2376,技嘉
C50871,電商,concept,2377,微星
C50871,電商,concept,2608,嘉里大榮
C50872,線上遊戲,concept,3083,網龍
C50872,線上遊戲,concept,3086,華義
C50872,線上遊戲,concept,3293,鈊象
C50872,線上遊戲,concept,3546,宇峻
C50872,線上遊戲,concept,3687,歐買尬
C50872,線上遊戲,concept,4946,辣椒
C50872,線上遊戲,concept,5478,智冠
C50872,線上遊戲,concept,6111,大宇資
C50873,功率半導體,concept,2303,聯電
C50873,功率半導體,concept,2330,台積電
C50873,功率半導體,concept,2342,茂矽
C50873,功率半導體,concept,2351,順德
C50873,功率半導體,concept,2481,強茂
C50873,功率半導體,concept,3317,尼克森
C50873,功率半導體,concept,3653,健策
C50873,功率半導體,concept,3675,德微
C50874,虛擬貨幣,concept,2308,台達電
C50874,虛擬貨幣,concept,2330,台積電
C50874,虛擬貨幣,concept,2357,華碩
C50874,虛擬貨幣,concept,2376,技嘉
C50874,虛擬貨幣,concept,2377,微星
C50874,虛擬貨幣,concept,2388,威盛
C50874,虛擬貨幣,concept,2399,映泰
C50874,虛擬貨幣,concept,2408,南亞科
C50875,NIKE,concept,1307,三芳
C50875,NIKE,concept,1434,福懋
C50875,NIKE,concept,1476,儒鴻
C50875,NIKE,concept,4401,東隆興
C50875,NIKE,concept,4438,廣越
C50875,NIKE,concept,9802,鈺齊-KY
C50875,NIKE,concept,9904,寶成
C50875,NIKE,concept,9910,豐泰
C50876,快速充電,concept,2436,偉詮電
C50876,快速充電,concept,2454,聯發科
C50876,快速充電,concept,3122,笙泉
C50876,快速充電,concept,3588,通嘉
C50876,快速充電,concept,4952,凌通
C50876,快速充電,concept,6202,盛群
C50876,快速充電,concept,8081,致新
C50877,資產股,concept,1101,台泥
C50877,資產股,concept,1103,嘉泥
C50877,資產股,concept,1110,東泥
C50877,資產股,concept,1234,黑松
C50877,資產股,concept,1314,中石化
C50877,資產股,concept,1315,達新
C50877,資產股,concept,1321,大洋
C50877,資產股,concept,1402,遠東新
C50878,MIH,concept,1319,東陽
C50878,MIH,concept,1326,台化
C50878,MIH,concept,1536,和大
C50878,MIH,concept,2105,正新
C50878,MIH,concept,2106,建大
C50878,MIH,concept,2201,裕隆
C50878,MIH,concept,2308,台達電
C50878,MIH,concept,2317,鴻海
C50879,WiFi 6,concept,2379,瑞昱
C50879,WiFi 6,concept,2454,聯發科
C50879,WiFi 6,concept,3558,神準
C50879,WiFi 6,concept,3596,智易
C50879,WiFi 6,concept,4906,正文
C50879,WiFi 6,concept,4968,立積
C50879,WiFi 6,concept,5388,中磊
C50879,WiFi 6,concept,6285,啟碁
C50880,HPC,concept,2317,鴻海
C50880,HPC,concept,2330,台積電
C50880,HPC,concept,3037,欣興
C50880,HPC,concept,3042,晶技
C50880,HPC,concept,3228,金麗科
C50880,HPC,concept,3443,創意
C50880,HPC,concept,3529,力旺
C50880,HPC,concept,3661,世芯-KY
C50881,元宇宙,concept,2303,聯電
C50881,元宇宙,concept,2308,台達電
C50881,元宇宙,concept,2330,台積電
C50881,元宇宙,concept,2379,瑞昱
C50881,元宇宙,concept,2388,威盛
C50881,元宇宙,concept,2395,研華
C50881,元宇宙,concept,2401,凌陽
C50881,元宇宙,concept,2458,義隆
C50882,原料藥,concept,1762,中化生
C50882,原料藥,concept,1777,生泰
C50882,原料藥,concept,1789,神隆
C50882,原料藥,concept,4102,永日
C50882,原料藥,concept,4119,旭富
C50882,原料藥,concept,4167,松瑞藥
C50882,原料藥,concept,4746,台耀
C50883,生物相似藥,concept,6541,泰福-KY
C50883,生物相似藥,concept,6589,台康生技
C50884,新藥研發,concept,1760,寶齡富錦
C50884,新藥研發,concept,3176,基亞
C50884,新藥研發,concept,4108,懷特
C50884,新藥研發,concept,4128,中天
C50884,新藥研發,concept,4130,健亞
C50884,新藥研發,concept,4147,中裕
C50884,新藥研發,concept,4157,太景*-KY
C50884,新藥研發,concept,4162,智擎
C50885,生技醫療,concept,4726,永昕
C50885,生技醫療,concept,6662,樂斯科
C50885,生技醫療,concept,3224,三顧
C50885,生技醫療,concept,4147,中裕
C50885,生技醫療,concept,6472,保瑞
C50885,生技醫療,concept,6541,泰福-KY
C50885,生技醫療,concept,6550,北極星藥業-KY
C50885,生技醫療,concept,6589,台康生技
C50886,生物檢測,concept,4131,浩泰
C50886,生物檢測,concept,4133,亞諾法
C50886,生物檢測,concept,4160,訊聯基因
C50886,生物檢測,concept,4171,瑞基
C50886,生物檢測,concept,6598,ABC-KY
C50886,生物檢測,concept,6615,慧智
C50887,再生醫療,concept,1784,訊聯
C50887,再生醫療,concept,3118,進階
C50887,再生醫療,concept,3224,三顧
C50887,再生醫療,concept,6712,長聖
C50887,再生醫療,concept,6550,北極星藥業-KY
C50887,再生醫療,concept,6794,向榮生技
C50887,再生醫療,concept,6461,益得
C50888,醫藥通路,concept,4120,友華
C50888,醫藥通路,concept,4173,久裕
C50888,醫藥通路,concept,4175,杏一
C50888,醫藥通路,concept,6469,大樹
C50888,醫藥通路,concept,6496,科懋
C50889,醫療器材耗材,concept,1733,五鼎
C50889,醫療器材耗材,concept,1784,訊聯
C50889,醫療器材耗材,concept,1799,易威
C50889,醫療器材耗材,concept,3373,熱映
C50889,醫療器材耗材,concept,4107,邦特
C50889,醫療器材耗材,concept,4121,優盛
C50889,醫療器材耗材,concept,4126,太醫
C50889,醫療器材耗材,concept,4129,聯合
C50890,醫療儀器設備,concept,1788,杏昌
C50890,醫療儀器設備,concept,4104,佳醫
C50890,醫療儀器設備,concept,4164,承業醫
C50890,醫療儀器設備,concept,4745,合富-KY
C50891,醫美保養妝品,concept,1736,喬山
C50891,醫美保養妝品,concept,1783,和康生
C50891,醫美保養妝品,concept,1786,科妍
C50891,醫美保養妝品,concept,4137,麗豐-KY
C50891,醫美保養妝品,concept,4190,佐登-KY
C50891,醫美保養妝品,concept,4728,雙美
C50891,醫美保養妝品,concept,6130,上亞科技
C50891,醫美保養妝品,concept,6523,達爾膚
C50892,運動健身,concept,1515,力山
C50892,運動健身,concept,1593,祺驊
C50892,運動健身,concept,1598,岱宇
C50892,運動健身,concept,1736,喬山
C50893,視力保健,concept,1565,精華
C50893,視力保健,concept,1813,寶利徠
C50893,視力保健,concept,3218,大學光
C50893,視力保健,concept,5312,寶島科
C50893,視力保健,concept,6491,晶碩
C50893,視力保健,concept,6782,視陽
C50894,衛生保健,concept,1731,美吾華
C50894,衛生保健,concept,6504,南六
C50894,衛生保健,concept,8929,富堡
C50894,衛生保健,concept,9919,康那香
C50895,農業生技,concept,1240,茂生農經
C50895,農業生技,concept,1712,興農
C50895,農業生技,concept,1722,台肥
C50895,農業生技,concept,4148,全宇生技-KY
C50895,農業生技,concept,6508,惠光
C50895,農業生技,concept,6578,達邦蛋白
C50896,醫療院所,concept,4139,馬光-KY
C50897,醫療管理顧問,concept,8403,盛弘
C50898,製藥業,concept,1720,生達
C50898,製藥業,concept,1734,杏輝
C50898,製藥業,concept,1752,南光
C50898,製藥業,concept,1795,美時
C50898,製藥業,concept,3705,永信
C50898,製藥業,concept,4105,東洋
C50898,製藥業,concept,4111,濟生
C50898,製藥業,concept,4114,健喬
C50899,ChatGPT,concept,2330,台積電
C50899,ChatGPT,concept,2357,華碩
C50899,ChatGPT,concept,2376,技嘉
C50899,ChatGPT,concept,2382,廣達
C50899,ChatGPT,concept,2425,承啟
C50899,ChatGPT,concept,3029,零壹
C50899,ChatGPT,concept,3035,智原
C50899,ChatGPT,concept,3443,創意
C50900,碳權,concept,1301,台塑
C50900,碳權,concept,1503,士電
C50900,碳權,concept,1513,中興電
C50900,碳權,concept,1519,華城
C50900,碳權,concept,1605,華新
C50900,碳權,concept,1609,大亞
C50900,碳權,concept,1904,正隆
C50900,碳權,concept,1905,華紙
C50901,氣候變遷,concept,1519,華城
C50901,氣候變遷,concept,1589,永冠-KY
C50901,氣候變遷,concept,1609,大亞
C50901,氣候變遷,concept,2208,台船
C50901,氣候變遷,concept,2308,台達電
C50901,氣候變遷,concept,2330,台積電
C50901,氣候變遷,concept,2406,國碩
C50901,氣候變遷,concept,3576,聯合再生
C50902,無人機,concept,1611,中電
C50902,無人機,concept,1723,中碳
C50902,無人機,concept,2049,上銀
C50902,無人機,concept,2303,聯電
C50902,無人機,concept,2352,佳世達
C50902,無人機,concept,2360,致茂
C50902,無人機,concept,2385,群光
C50902,無人機,concept,2388,威盛
C50903,鴻海MIH電動車平台,concept,1409,新纖
C50903,鴻海MIH電動車平台,concept,1506,正道
C50903,鴻海MIH電動車平台,concept,1536,和大
C50903,鴻海MIH電動車平台,concept,2002,中鋼
C50903,鴻海MIH電動車平台,concept,2105,正新
C50903,鴻海MIH電動車平台,concept,2201,裕隆
C50903,鴻海MIH電動車平台,concept,2301,光寶科
C50903,鴻海MIH電動車平台,concept,2308,台達電
C50904,長期照護,concept,1733,五鼎
C50904,長期照護,concept,1736,喬山
C50904,長期照護,concept,1781,合世
C50904,長期照護,concept,1783,和康生
C50904,長期照護,concept,1784,訊聯
C50904,長期照護,concept,1788,杏昌
C50904,長期照護,concept,2324,仁寶
C50904,長期照護,concept,2349,錸德
C50905,美元升值,concept,1519,華城
C50905,美元升值,concept,2313,華通
C50905,美元升值,concept,2356,英業達
C50905,美元升值,concept,2357,華碩
C50905,美元升值,concept,2368,金像電
C50905,美元升值,concept,2376,技嘉
C50905,美元升值,concept,2377,微星
C50905,美元升值,concept,2382,廣達
C50906,小米,concept,2313,華通
C50906,小米,concept,2317,鴻海
C50906,小米,concept,2356,英業達
C50906,小米,concept,2409,友達
C50906,小米,concept,2436,偉詮電
C50906,小米,concept,2454,聯發科
C50906,小米,concept,2478,大毅
C50906,小米,concept,2492,華新科
C50907,3D列印,concept,1409,新纖
C50907,3D列印,concept,1455,集盛
C50907,3D列印,concept,1504,東元
C50907,3D列印,concept,1597,直得
C50907,3D列印,concept,1717,長興
C50907,3D列印,concept,1785,光洋科
C50907,3D列印,concept,2049,上銀
C50907,3D列印,concept,2067,嘉鋼
C50908,太陽能,concept,2308,台達電
C50908,太陽能,concept,5871,中租-KY
C50908,太陽能,concept,6409,旭隼
C50908,太陽能,concept,2409,友達
C50908,太陽能,concept,5483,中美晶
C50908,太陽能,concept,2371,大同
C50908,太陽能,concept,3023,信邦
C50908,太陽能,concept,1513,中興電
C50909,CoWoS,concept,2330,台積電
C50909,CoWoS,concept,3711,日月光投控
C50909,CoWoS,concept,3374,精材
C50909,CoWoS,concept,2449,京元電子
C50909,CoWoS,concept,1560,中砂
C50909,CoWoS,concept,3680,家登
C50909,CoWoS,concept,3131,弘塑
C50909,CoWoS,concept,3583,辛耘
C50910,次世代半導體,concept,2330,台積電
C50910,次世代半導體,concept,5347,世界
C50910,次世代半導體,concept,2342,茂矽
C50910,次世代半導體,concept,3714,富采
C50910,次世代半導體,concept,6488,環球晶
C50910,次世代半導體,concept,8086,宏捷科
C50910,次世代半導體,concept,2340,台亞
C50910,次世代半導體,concept,3707,漢磊
C50911,光通訊,concept,2345,智邦
C50911,光通訊,concept,3081,聯亞
C50911,光通訊,concept,2455,全新
C50911,光通訊,concept,3234,光環
C50911,光通訊,concept,4979,華星光
C50911,光通訊,concept,6451,訊芯-KY
C50911,光通訊,concept,3450,聯鈞
C50911,光通訊,concept,3363,上詮
C50912,AI PC,concept,2454,聯發科
C50912,AI PC,concept,2458,義隆
C50912,AI PC,concept,6138,茂達
C50912,AI PC,concept,2344,華邦電
C50912,AI PC,concept,2408,南亞科
C50912,AI PC,concept,2330,台積電
C50912,AI PC,concept,3711,日月光投控
C50912,AI PC,concept,4966,譜瑞-KY
C50913,記憶體,concept,2408,南亞科
C50913,記憶體,concept,8299,群聯
C50913,記憶體,concept,2344,華邦電
C50913,記憶體,concept,2451,創見
C50913,記憶體,concept,3260,威剛
C50913,記憶體,concept,4967,十銓
C50913,記憶體,concept,8271,宇瞻
C50913,記憶體,concept,8084,巨虹
C50914,HBM,concept,2467,志聖
C50914,HBM,concept,3443,創意
C50914,HBM,concept,6239,力成
C50914,HBM,concept,8112,至上
C50915,玻璃基板 E-Core Sys.,concept,2049,上銀
C50915,玻璃基板 E-Core Sys.,concept,2464,盟立
C50915,玻璃基板 E-Core Sys.,concept,3583,辛耘
C50915,玻璃基板 E-Core Sys.,concept,6405,悅城
C50915,玻璃基板 E-Core Sys.,concept,6664,群翊
C50915,玻璃基板 E-Core Sys.,concept,6937,天虹
C50915,玻璃基板 E-Core Sys.,concept,8027,鈦昇
C50915,玻璃基板 E-Core Sys.,concept,8374,羅昇
C50916,FOPLP扇出型封裝,concept,3481,群創
C50916,FOPLP扇出型封裝,concept,3580,友威科
C50916,FOPLP扇出型封裝,concept,3663,鑫科
C50916,FOPLP扇出型封裝,concept,3711,日月光投控
C50916,FOPLP扇出型封裝,concept,6239,力成
C50916,FOPLP扇出型封裝,concept,8064,東捷
C50917,GB200,concept,2301,光寶科
C50917,GB200,concept,2308,台達電
C50917,GB200,concept,2392,正崴
C50917,GB200,concept,3211,順達
C50917,GB200,concept,3625,西勝
C50917,GB200,concept,4931,新盛力
C50917,GB200,concept,5309,系統電
C50917,GB200,concept,6121,新普
C50918,BBU,concept,3211,順達
C50918,BBU,concept,4931,新盛力
C50918,BBU,concept,6781,AES-KY
C50918,BBU,concept,2308,台達電
C50918,BBU,concept,2301,光寶科
C50918,BBU,concept,5309,系統電
C50918,BBU,concept,3003,健和興
C50918,BBU,concept,2392,正崴
C50919,ASIC,concept,2454,聯發科
C50919,ASIC,concept,3661,世芯-KY
C50919,ASIC,concept,3443,創意
C50919,ASIC,concept,3035,智原
C50919,ASIC,concept,2388,威盛
C50919,ASIC,concept,2401,凌陽
C50919,ASIC,concept,6695,芯鼎
C50919,ASIC,concept,8054,安國
C50920,矽智財IP,concept,3035,智原
C50920,矽智財IP,concept,3443,創意
C50920,矽智財IP,concept,3529,力旺
C50920,矽智財IP,concept,3661,世芯-KY
C50920,矽智財IP,concept,6423,億而得
C50920,矽智財IP,concept,6533,晶心科
C50920,矽智財IP,concept,6568,宏觀
C50920,矽智財IP,concept,6643,M31
C50921,3DIC聯盟,concept,1711,永光
C50921,3DIC聯盟,concept,1717,長興
C50921,3DIC聯盟,concept,2308,台達電
C50921,3DIC聯盟,concept,2330,台積電
C50921,3DIC聯盟,concept,2360,致茂
C50921,3DIC聯盟,concept,2395,研華
C50921,3DIC聯盟,concept,2467,志聖
C50921,3DIC聯盟,concept,3037,欣興
C50922,GB300,concept,1815,富喬
C50922,GB300,concept,2059,川湖
C50922,GB300,concept,2301,光寶科
C50922,GB300,concept,2308,台達電
C50922,GB300,concept,2317,鴻海
C50922,GB300,concept,2354,鴻準
C50922,GB300,concept,2383,台光電
C50922,GB300,concept,2421,建準
C50923,無人機,concept,1609,大亞
C50923,無人機,concept,2231,為升
C50923,無人機,concept,2352,佳世達
C50923,無人機,concept,2630,亞航
C50923,無人機,concept,2645,長榮航太
C50923,無人機,concept,3306,鼎天
C50923,無人機,concept,4916,事欣科
C50923,無人機,concept,4976,佳凌
C50924,Oracle甲骨文,concept,2317,鴻海
C50924,Oracle甲骨文,concept,2382,廣達
C50924,Oracle甲骨文,concept,3231,緯創
C50924,Oracle甲骨文,concept,3706,神達
C50924,Oracle甲骨文,concept,6112,邁達特
C50924,Oracle甲骨文,concept,6669,緯穎
C50924,Oracle甲骨文,concept,6689,伊雲谷
C50925,TPU,concept,2330,台積電
C50925,TPU,concept,2356,英業達
C50925,TPU,concept,2368,金像電
C50925,TPU,concept,2383,台光電
C50925,TPU,concept,2454,聯發科
C50925,TPU,concept,3037,欣興
C50925,TPU,concept,3081,聯亞
C50925,TPU,concept,3443,創意
C50926,AWS,concept,2059,川湖
C50926,AWS,concept,2308,台達電
C50926,AWS,concept,2317,鴻海
C50926,AWS,concept,2330,台積電
C50926,AWS,concept,2345,智邦
C50926,AWS,concept,2356,英業達
C50926,AWS,concept,2368,金像電
C50926,AWS,concept,2382,廣達
