Code,Name,MainGroup,SubTags,Industry,GroupSize
1101,台泥,水泥,"一帶一路, 水泥, 資產股","水泥, 水泥製品, 汽電共生, 電力, 預拌混凝土",13
1102,亞泥,水泥,"一帶一路, 水泥","水泥, 汽電共生, 電力, 預拌混凝土, 高爐水泥",13
1103,嘉泥,水泥,"水泥, 資產股","地產, 旅宿／餐飲, 水泥, 物業投資發展, 貨櫃場服務, 運輸事業, 飯店",13
1104,環泥,水泥,"水泥, 穿載裝置","水泥, 水泥製品, 預拌混凝土",13
1108,幸福,水泥,"夏季, 水泥","水泥, 預拌混凝土, 高爐水泥",13
1109,信大,水泥,水泥,"水泥, 預拌混凝土, 高爐水泥",13
1110,東泥,水泥,"水泥, 資產股","水泥, 高爐水泥",13
1201,味全,食品,食品,"乳製品, 非酒精飲料, 食品加工, 飲料相關",61
1203,味王,食品,食品,"罐頭業, 調味品, 調理食品, 資產股, 速食麵, 食品加工",61
1210,大成,食品,"寵物, 食品","大宗物資, 肉品加工, 農林漁牧, 食品加工, 飼料",61
1213,大飲,食品,食品,"非酒精飲料, 飲料相關",61
1215,卜蜂,食品,"寵物, 食品","肉品加工, 農林漁牧, 食品加工, 飼料",61
1216,統一,食品,"二胎化, 夏季, 寵物, 文創, 第三方支付, 食品","乳製品, 穀類烘焙製品, 速食麵, 非酒精飲料, 食品加工, 飲料相關",61
1217,愛之味,食品,"夏季, 食品","乳製品, 罐頭業, 非酒精飲料, 食品加工, 飲料相關",61
1218,泰山,食品,"夏季, 食品","大宗物資, 油脂, 非酒精飲料, 飲料相關",61
1219,福壽,食品,寵物,"大宗物資, 寵物食品, 油脂, 農林漁牧, 食品加工, 飼料",61
1220,台榮,食品,寵物,"大宗物資, 流通業, 磨粉製品, 製糖, 農林漁牧, 食品加工, 食品飲料相關通路, 飼料",61
1225,福懋油,食品,寵物,"大宗物資, 油脂, 農林漁牧, 飼料, 麵粉",61
1227,佳格,食品,二胎化,"乳製品, 保健食品, 大宗物資, 油脂, 穀類烘焙製品, 食品加工",61
1229,聯華,傳產其他,,"大宗物資, 系統整合, 軟體業, 麵粉",246
1231,聯華食,食品,,"穀類烘焙製品, 調理食品, 食品加工, 餅乾製品",61
1232,大統益,食品,,"大宗物資, 油脂, 磨粉製品, 食品加工",61
1233,天仁,"觀光, 食品",,"旅宿／餐飲, 茶葉相關, 連鎖飲料, 食品加工, 餐飲","54, 61"
1234,黑松,食品,"夏季, 資產股","流通業, 資產股, 非酒精飲料, 食品飲料相關通路, 飲料相關",61
1235,興泰,食品,,"農林漁牧, 飼料",61
1236,宏亞,食品,,"可可製品, 食品加工, 餅乾製品",61
1240,茂生農經,生技醫療,農業生技,"家畜／家禽, 農林漁牧, 飼料",134
1256,鮮活果汁-KY,食品,夏季,"非酒精飲料, 飲料相關",61
1259,安心,觀光,,"旅宿／餐飲, 餐飲",54
1264,德麥,食品,,"流通業, 磨粉製品, 穀類烘焙製品, 食品加工, 食品飲料相關通路",61
1268,漢來美食,觀光,,"旅宿／餐飲, 餐飲",54
1294,漢田生技,食品,,"生物科技, 食品生技",61
1295,生合,食品,,"生物科技, 食品生技",61
1301,台塑,"塑膠, 電機電纜","一帶一路, 塑膠, 碳權, 福建自貿區","AN, EVA, PE, PP, PVC, 其他化工產品, 化學工業, 化纖原料, 合成樹脂, 塑化原料, 鹼業","62, 32"
1303,南亞,塑膠,"一帶一路, 塑膠","DOP, EG, PA, 丁二醇, 化學工業, 化學纖維, 化纖原料, 印刷電路板, 印刷電路板相關, 合成樹脂, 塑化原料, 塑化製品, 塑膠加工, 塑膠皮布, 玻纖布, 聚酯棉, 聚酯粒, 聚酯絲, 銅箔, 銅箔基板",62
1304,台聚,塑膠,塑膠,"ABS, EVA, PE, PS, 塑化原料",62
1305,華夏,塑膠,塑膠,"PVC, 塑化原料, 塑化製品, 塑膠加工, 塑膠皮布",62
1307,三芳,塑膠,"NIKE, Under Armour, 塑膠","傳產其他, 塑化製品, 塑膠皮布, 鞋材",62
1308,亞聚,塑膠,塑膠,"EVA, PE, 塑化原料",62
1309,台達化,塑膠,塑膠,"ABS, PS, 塑化原料",62
1310,台苯,塑膠,塑膠,"SM, 塑化原料",62
1312,國喬,塑膠,,"ABS, SM, 塑化原料",62
1313,聯成,"塑膠, 蘋果供應鏈",,"DOP, PA, PVC, 塑化原料","62, 29"
1314,中石化,"化學, 紡織, 網通, 記憶體",資產股,"AN, CPL, 化學纖維, 化纖原料, 尼龍粒, 資產股","69, 59, 92, 27"
1315,達新,"塑膠, 營建, 紡織","東協, 資產股","塑化製品, 塑膠加工, 建材, 成衣, 成衣製造, 複合板, 資產股","62, 122, 59"
1316,上曜,"化學, 營建, 食品",,"PU樹脂, 保健食品, 化學工業, 地產, 營建, 食品加工","69, 122, 61"
1319,東陽,電動車,"MIH, 汽車零組件","汽機車零組件, 汽車保險桿, 汽車鈑金, 車用冷卻系統",54
1321,大洋,塑膠,資產股,"PVC, 塑化原料, 塑化製品, 塑膠加工, 塑膠皮布, 資產股",62
1323,永裕,塑膠,,"塑化製品, 塑膠加工",62
1324,地球,化學,,"化學工業, 膠帶",69
1325,恆大,紡織,"二胎化, 空污, 美容, 防疫","不織布, 工業紡織品",59
1326,台化,"塑膠, 電動車","MIH, TPP","ABS, PP, PS, PTA, SM, 二甲基甲醯胺(DMF), 其他化工產品, 化學工業, 化學纖維, 化纖原料, 塑化原料, 尼龍加工絲, 尼龍粒, 尼龍絲, 粘膠, 芳香烴, 酚","62, 54"
1336,台翰,"塑膠, 電子通路",,"塑膠射出, 電子零件元件","62, 256"
1337,再生-KY,塑膠,,"EVA, 塑化原料, 塑化製品, 塑膠加工",62
1338,廣華-KY,電動車,,汽車內裝,54
1339,昭輝,塑膠,,"塑化製品, 塑膠加工, 汽機車零組件, 汽車保險桿",62
1340,勝悅-KY,金融,,"傳產其他, 租賃, 金融業, 鞋材",50
1341,富林-KY,塑膠,,"塑化製品, 塑膠皮布",62
1342,八貫,塑膠,,"塑化製品, 塑膠皮布",62
1402,遠東新,"塑膠, 紡織","TPP, Under Armour, 第三方支付, 紡織纖維, 資產股","PTA, 化學纖維, 化纖原料, 家居用品, 寢具, 成衣, 成衣製造, 成衣銷售／零售, 控股公司, 棉紡業, 紡紗, 織布業, 聚酯加工絲, 聚酯棉, 聚酯粒, 聚酯絲, 資產股","62, 59"
1409,新纖,"機械, 紡織, 電動車","3D列印, 紡織纖維, 鴻海MIH電動車平台","化學纖維, 塑化製品, 塑膠加工, 聚酯粒, 聚酯絲, 資產股","93, 59, 54"
1410,南染,紡織,紡織纖維,"IC封裝測試, 地產, 物業投資發展",59
1413,宏洲,紡織,紡織纖維,"化學纖維, 聚酯粒, 聚酯絲",59
1414,東和,紡織,紡織纖維,"地產, 混紡紗, 物業投資發展, 紡紗, 資產股",59
1416,廣豐,傳產其他,,"應用軟體, 資產股, 軟體業",246
1417,嘉裕,紡織,紡織纖維,"成衣, 成衣製造, 成衣銷售／零售",59
1418,東華,紡織,紡織纖維,"亞克力棉, 化學纖維",59
1419,新紡,紡織,紡織纖維,"地產, 成衣, 成衣銷售／零售, 物業投資發展, 織布業, 資產股",59
1423,利華,傳產其他,,"毛紡, 紡紗, 資產股",246
1432,大魯閣,運動休閒,運動休閒,"休閒娛樂, 大型遊樂場, 流通業, 百貨業",37
1434,福懋,塑膠,"NIKE, TPP, Under Armour, 東協","其他公用事業, 加油站, 尼龍塔夫塔布, 尼龍製品, 工業紡織品",62
1435,中福,營建,,"地產, 物業投資發展, 資產股",122
1436,華友聯,營建,,"地產, 營建",122
1437,勤益控,營建,,"地產, 控股公司, 毛紡, 物業投資發展, 紡紗, 資產股",122
1438,三地開發,營建,,"地產, 營建",122
1439,雋揚,營建,,"地產, 營建, 物業投資發展, 資產股",122
1440,南紡,塑膠,TPP,"化學纖維, 化纖原料, 棉紡業, 紡紗, 聚酯棉, 聚酯粒, 聚酯絲, 資產股",62
1441,大東,紡織,,"棉紡業, 紡紗, 織布業, 資產股",59
1442,名軒,營建,,"地產, 營建",122
1443,立益物流,"百貨零售, 航運",,"倉儲服務, 流通業, 物流業, 貿易, 運輸事業","30, 31"
1444,力麗,"化學, 紡織",,"化學纖維, 化纖原料, 聚酯加工絲, 聚酯粒","69, 59"
1445,大宇,"化學, 紡織",,"化學纖維, 織布業, 聚酯加工絲","69, 59"
1446,宏和,營建,,"地產, 營建, 織布業, 資產股",122
1447,力鵬,塑膠,TPP,"化學纖維, 尼龍粒, 織布業",62
1449,佳和,營建,,"地產, 營建, 織布業",122
1451,年興,塑膠,TPP,"成衣, 成衣製造, 織布業",62
1452,宏益,"化學, 紡織",Under Armour,"化學纖維, 聚酯加工絲","69, 59"
1453,大將,營建,,"地產, 營建",122
1454,台富,"化學, 紡織",,"化學纖維, 織布業, 聚酯加工絲","69, 59"
1455,集盛,機械,3D列印,"化學纖維, 尼龍加工絲, 尼龍粒, 尼龍絲",93
1456,怡華,營建,,"地產, 營建",122
1457,宜進,"化學, 紡織",,"化學纖維, 織布業, 聚酯加工絲, 聚酯絲, 資產股","69, 59"
1459,聯發,"化學, 紡織",,"化學纖維, 聚酯加工絲","69, 59"
1460,宏遠,紡織,Under Armour,織布業,59
1463,強盛新,塑膠,TPP,"地產, 染整, 營建, 織布業",62
1464,得力,紡織,Under Armour,織布業,59
1465,偉全,紡織,,織布業,59
1466,聚隆,"化學, 紡織",,"加工絲, 化學纖維, 尼龍加工絲, 尼龍絲, 聚酯加工絲","69, 59"
1467,南緯,紡織,Under Armour,"成衣, 成衣製造, 織布業, 資產股",59
1468,昶和,紡織,,"棉紡業, 紡紗, 織布業",59
1470,大統新創,紡織,,"染整, 織布業",59
1471,首利,電源供應器,電源供應器,"機殼, 電子零件元件, 電源供應器",35
1472,三洋實業,營建,,"基礎建設, 營造工程",122
1473,台南,紡織,東協,"成衣, 成衣製造",59
1474,弘裕,紡織,,"工業紡織品, 織布業",59
1475,業旺,化學,,"化學工業, 染料，顏料",69
1476,儒鴻,塑膠,"NIKE, TPP, Under Armour, 二胎化, 雙十一","成衣, 成衣製造, 織布業",62
1477,聚陽,紡織,"二胎化, 雙十一","成衣, 成衣製造",59
1503,士電,電機電纜,"智慧電網, 碳權, 電機","充電樁, 引擎相關, 智慧電網相關, 汽機車零組件, 設備儀器商, 變電設備, 資產股, 車用充電相關, 配電盤, 重電設備, 電力設備, 電機, 電氣開關設備, 電氣零件與設備",32
1504,東元,"機械, 電機電纜","3D列印, 夏季, 水資源, 空污, 電機","冷氣機, 家電, 小家電, 洗衣機, 液晶電視, 產業機械, 自動化設備, 變頻器, 資產股, 配電工程, 重電設備, 電冰箱, 電力設備, 電機","93, 32"
1506,正道,電動車,"汽車零組件, 鴻海MIH電動車平台","傢俱, 家居用品, 引擎相關, 懸吊系統, 木床／車架, 汽機車零組件, 活塞, 車用金屬成型, 車用鍛件, 轉向系統",54
1512,瑞利,電動車,汽車零組件,"汽機車零組件, 汽車鈑金, 運動產業, 運動用品",54
1513,中興電,電機電纜,"太陽能, 氫燃料電池, 碳權, 航空/航太, 電機, 風力發電","停車場, 其他公用事業, 智慧電網相關, 產業機械, 空調製冷, 輸配電設備, 配電工程, 重電設備, 電力設備, 電機, 電氣開關設備",32
1514,亞力,電機電纜,"智慧電網, 電機, 風力發電","變電設備, 配電工程, 配電盤, 電力設備, 電機, 電氣零件與設備",32
1515,力山,運動休閒,"運動休閒, 運動健身, 電商","健身器材, 手工具, 木工機械, 產業機械, 運動產業",37
1516,川飛,電子通路,,"車用鋰電池, 電子元件代理商, 電子通路, 電池",256
1517,利奇,運動休閒,運動休閒,"產業機械, 自行車零件",37
1519,華城,電機電纜,"智慧電網, 氣候變遷, 碳權, 美元升值, 電機, 風力發電","變電設備, 配電盤, 電力設備",32
1521,大億,電動車,"ADAS, 汽車零組件","汽機車零組件, 車燈",54
1522,堤維西,電動車,"汽車零組件, 車用電子, 電動車","汽機車零組件, 車燈",54
1524,耿鼎,電動車,汽車零組件,"汽機車零組件, 汽車鈑金",54
1525,江申,電動車,汽車零組件,"懸吊系統, 木床／車架, 模具, 機械零組件, 汽機車零組件, 汽車鈑金",54
1526,日馳,電機電纜,電機,"產業機械, 自行車零件",32
1527,鑽全,電機電纜,"Home Depot, 電機","產業機械, 自行車零件, 電動工具",32
1528,恩德,電機電纜,電機,"印刷電路板相關, 家居相關用品通路, 木工機械, 流通業, 產業機械, 雷射鑽孔機、鑽頭",32
1529,樂事綠能,"半導體設備, 電機電纜",,"配電工程, 配電盤, 電力公共事業, 電力設備","109, 32"
1530,亞崴,機械,航空/航太,"工具機, 龍門機",93
1531,高林股,機械,,"工業用縫紉機, 產業機械",93
1532,勤美,鋼鐵,鋼鐵,"傳動系統, 剎車系統, 地產, 引擎相關, 機械零組件, 汽機車零組件, 營建, 資產股, 車用金屬成型, 車用鑄件",41
1533,車王電,電動車,"ADAS, MWC, 自動駕駛, 車用電子, 車聯網","倒車影像系統, 客貨車輛相關, 手工具, 產業機械, 胎壓監測系統, 行車紀錄器, 車用電子, 車輛整車",54
1535,中宇,"半導體設備, 營建, 電機電纜","夏季, 水資源, 環境工程","其他營造工程, 工程顧問, 水資源, 污水處理, 營造工程, 環保工程, 配電工程, 電力設備","109, 122, 32"
1536,和大,電動車,"DANCE, MIH, Tesla特斯拉, 汽車零組件, 電動車, 鴻海MIH電動車平台","傳動系統, 機車零組件, 汽機車零組件",54
1537,廣隆,傳產其他,氫燃料電池,"工業用電池, 電池",246
1538,正峰,機械,,"汽機車零組件, 產業機械, 車燈, 電動工具",93
1539,巨庭,機械,Home Depot,"木工機械, 產業機械",93
1540,喬福,機械,航空/航太,"工具機, 車床, 龍門機",93
1541,錩泰,機械,Home Depot,"木工機械, 產業機械",93
1558,伸興,機械,,"傳產其他, 家用縫紉機, 產業機械, 金屬加工／製品",93
1560,中砂,IC代工,"CoWoS, IC-代工","IC製造, 產業機械, 矽晶圓, 磨料磨具",31
1563,巧新,傳產其他,,"汽機車零組件, 輪圈",246
1565,精華,生技醫療,"生技, 視力保健","輔助與彌補用醫材, 隱形眼鏡",134
1568,倉佑,傳產其他,,"傳動系統, 汽機車零組件",246
1569,濱川,電子通路,CES,"模具沖壓, 機殼, 電子零件元件",256
1570,力肯,機械,Home Depot,"產業機械, 電動工具",93
1580,新麥,"機械, 食品",,"烘焙及食品飲料機械, 產業機械","93, 61"
1582,信錦,蘋果供應鏈,"Apple蘋果, 折疊機","樞紐, 電子零件元件",29
1583,程泰,機械,航空/航太,"工具機, 工具機主軸, 磨床, 車床",93
1584,精剛,傳產其他,航空/航太,合金鋼,246
1586,和勤,電子通路,,"模具沖壓, 汽機車零組件, 車用沖壓件, 車用金屬成型, 電子零件元件",256
1587,吉茂,電動車,,"汽機車零組件, 車用冷卻系統",54
1589,永冠-KY,機械,"氣候變遷, 風力發電",機械零組件,93
1590,亞德客-KY,機械,,"機械零組件, 氣動元件",93
1591,駿吉-KY,鋼鐵,Home Depot,"線材盤元, 螺絲螺帽",41
1593,祺驊,"生技醫療, 運動休閒","運動休閒, 運動健身, 長照","休閒娛樂, 健身器材, 工業馬達, 產業機械, 連鎖健身房, 運動產業","134, 37"
1595,川寶,半導體設備,,"PCB相關設備, 半導體製程設備, 設備儀器商",109
1597,直得,機械,3D列印,"機械零組件, 滑軌",93
1598,岱宇,運動休閒,"運動休閒, 運動健身, 電商","健身器材, 運動產業",37
1599,宏佳騰,傳產其他,,"機車, 沙灘車, 車輛整車, 電動機車",246
1603,華電,電機電纜,電線電纜,"建材, 金屬建材, 電力電纜, 電線電纜",32
1604,聲寶,"航運, 面板",消費電子,"冷氣機, 家電, 小家電, 液晶電視, 物流業, 資產股, 運輸事業, 電冰箱, 顯示器","31, 91"
1605,華新,電機電纜,"碳權, 電線電纜, 風力發電","不鏽鋼, 電力電纜, 電線電纜",32
1608,華榮,電機電纜,電線電纜,"裸銅線, 銅, 電力電纜, 電線電纜, 非鐵金屬",32
1609,大亞,"網通, 電機電纜","氣候變遷, 無人機, 碳權, 電線電纜, 風力發電","漆包線, 裸銅線, 電力電纜, 電線電纜","92, 32"
1611,中電,網通,"一帶一路, 氫燃料電池, 無人機, 照明","LED, LED照明產品, 家電, 照明",92
1612,宏泰,"電動車, 電機電纜","車用電子, 電線電纜","電力電纜, 電線電纜","54, 32"
1614,三洋電,傳產其他,空污,"冷氣機, 家電, 小家電, 洗衣機, 液晶電視, 資產股, 電冰箱",246
1615,大山,電機電纜,電線電纜,"電力電纜, 電線電纜",32
1616,億泰,電機電纜,電線電纜,"電力電纜, 電線電纜",32
1617,榮星,電機電纜,電線電纜,"漆包線, 電線電纜",32
1618,合機,電機電纜,,"電力電纜, 電線電纜",32
1623,大東電,電機電纜,,"電力電纜, 電線電纜",32
1626,艾美特-KY,傳產其他,"空污, 第三方支付","家電, 小家電",246
1702,南僑,食品,,"冷凍麵團, 大宗物資, 控股公司, 油脂, 資產股, 食品加工, 麵製品相關",61
1707,葡萄王,"生技醫療, 食品","保健食品, 生技","保健食品, 生物科技, 食品加工, 食品生技","134, 61"
1708,東鹼,化學,化學工業,"化學工業, 化學產品通路, 散裝航運, 肥料, 運輸事業, 鹼業",69
1709,和益,化學,化學工業,"化學工業, 合成樹脂, 烷基苯, 酚",69
1710,東聯,化學,,"EG, 其他化工產品, 化學工業, 化纖原料",69
1711,永光,化學,"3DIC聯盟, 化學工業, 穿載裝置","光阻劑, 其他化工產品, 化學工業, 半導體化學品, 染料，顏料",69
1712,興農,生技醫療,農業生技,"化學工業, 流通業, 農藥, 連鎖超市",134
1713,國化,化學,化學工業,"保險粉, 其他化工產品, 化學工業",69
1714,和桐,化學,化學工業,"其他化工產品, 化學工業, 正烷屬烴, 烷基苯",69
1717,長興,"化學, 機械","3DIC聯盟, 3D列印, 化學工業, 穿載裝置","化學工業, 半導體化學品, 合成樹脂","69, 93"
1718,中纖,化學,,"EG, 其他化工產品, 化學工業, 化學纖維, 化纖原料, 聚酯加工絲, 聚酯絲",69
1720,生達,生技醫療,"寵物, 生技, 製藥業","學名藥, 生物科技, 西藥製劑, 醫藥產業, 食品生技",134
1721,三晃,化學,化學工業,"PU樹脂, 其他化工產品, 化學工業",69
1722,台肥,"化學, 生技醫療","化學工業, 農業生技","其他化工產品, 化學工業, 地產, 營建, 肥料, 資產股","69, 134"
1723,中碳,"網通, 電動車","Tesla特斯拉, 寧德時代, 氫燃料電池, 無人機, 空污, 電動車","化學工業, 煤化工","92, 54"
1725,元禎,化學,,"化學工業, 化學產品通路, 油品儲運／分銷, 石油及天然氣",69
1726,永記,建材,建材,"化學工業, 塗料",18
1727,中華化,"化學, 半導體設備",,"其他化工產品, 化學工業, 半導體化學品, 強酸產品, 染料，顏料","69, 109"
1730,花仙子,化學,,"化學工業, 衛生清潔用品",69
1731,美吾華,生技醫療,"生技, 衛生保健, 防疫","化學工業, 衛生清潔用品, 醫藥流通",134
1732,毛寶,化學,防疫,"化學工業, 衛生清潔用品",69
1733,五鼎,生技醫療,"生技, 醫療器材耗材, 長期照護, 長照","檢驗試劑／紙, 血糖儀, 體外診斷用醫材",134
1734,杏輝,生技醫療,"新藥, 生技, 製藥業","學名藥, 生物科技, 西藥製劑, 醫藥產業, 食品生技",134
1735,日勝化,化學,,"PU樹脂, 其他化工產品, 化學工業",69
1736,喬山,"生技醫療, 運動休閒","運動休閒, 運動健身, 醫美保養妝品, 長期照護, 長照, 電商","健身器材, 運動產業","134, 37"
1737,臺鹽,食品,,"大宗物資, 時尚產業, 生物科技, 美妝保養品, 製鹽業, 非酒精飲料, 食品生技, 飲料相關",61
1742,台蠟,"傳產其他, 化學, 食品",,"化學工業, 太陽能發電, 水產品加工, 石蠟, 電力, 食品加工","246, 69, 61"
1752,南光,生技醫療,製藥業,"學名藥, 西藥製劑, 醫藥產業",134
1760,寶齡富錦,生技醫療,"DANCE, 新藥, 新藥研發","學名藥, 專利藥, 新藥研發, 時尚產業, 檢驗試劑／紙, 生物科技, 美妝保養品, 西藥製劑, 醫藥產業, 食品生技, 體外診斷用醫材",134
1762,中化生,生技醫療,"原料藥, 防疫","原料藥, 醫藥產業",134
1773,勝一,化學,,"其他化工產品, 化學工業, 化學產品通路, 溶劑",69
1776,展宇,化學,,"PU樹脂, 其他化工產品, 化學工業",69
1777,生泰,生技醫療,"原料藥, 生技","原料藥, 醫藥產業",134
1781,合世,生技醫療,"生技, 穿載裝置, 長期照護, 長照","血壓計, 診斷與監測用醫材",134
1783,和康生,生技醫療,"醫美保養妝品, 長期照護, 長照","時尚產業, 美妝保養品, 輔助與彌補用醫材, 醫用植入材料",134
1784,訊聯,生技醫療,"二胎化, 再生醫療, 醫療器材耗材, 長期照護, 長照","時尚產業, 生技服務, 生物科技, 美妝保養品",134
1785,光洋科,機械,"3D列印, 黃金","傳產其他, 半導體化學品, 回收焚化／掩埋清運, 貴金屬",93
1786,科妍,傳產其他,醫美保養妝品,"輔助與彌補用醫材, 醫用植入材料",246
1788,杏昌,"半導體設備, 生技醫療","醫療儀器設備, 長期照護","手術與治療用醫材, 洗腎器具, 醫療器材通路, 醫藥流通","109, 134"
1789,神隆,生技醫療,"原料藥, 新藥, 防疫","原料藥, 西藥製劑, 醫藥產業",134
1795,美時,生技醫療,製藥業,"學名藥, 西藥製劑, 醫藥產業",134
1796,金穎生技,食品,保健食品,"生物科技, 食品生技",61
1799,易威,生技醫療,醫療器材耗材,"原料藥, 學名藥, 新藥研發, 醫藥產業, 醫藥研發外包服務",134
1802,台玻,建材,"一帶一路, 玻璃陶瓷, 風力發電","傳產其他, 印刷電路板相關, 建材, 玻璃, 玻纖布, 複合材料",18
1805,寶徠,營建,,"地產, 營建",122
1806,冠軍,建材,玻璃陶瓷,"建材, 瓷磚",18
1808,潤隆,營建,,"地產, 營建",122
1809,中釉,建材,"建材, 玻璃陶瓷","建材, 釉料",18
1810,和成,建材,"建材, 水資源, 玻璃陶瓷","家居用品, 水龍頭, 衛浴設備",18
1813,寶利徠,傳產其他,視力保健,"傳產其他, 眼鏡業",246
1815,富喬,PCB,GB300,"印刷電路板相關, 玻纖布",64
1817,凱撒衛,建材,"建材, 水資源, 玻璃陶瓷","家居用品, 水龍頭, 衛浴設備",18
1903,士紙,"觀光, 造紙",紙業,"地產, 家庭用紙, 旅宿／餐飲, 物業投資發展, 資產股, 造紙業, 飯店","54, 7"
1904,正隆,"蘋果供應鏈, 電機電纜","Apple蘋果, 物流, 碳權, 紙業, 雙十一","家庭用紙, 工業用紙, 文化用紙, 造紙業","29, 32"
1905,華紙,電機電纜,"碳權, 紙業, 雙十一","文化用紙, 特殊用紙, 紙漿, 造紙業",32
1906,寶隆,造紙,紙業,"工業用紙, 造紙業",7
1907,永豐餘,"化學, 造紙","物流, 紙業, 雙十一","化學工業, 家庭用紙, 工業用紙, 控股公司, 文化用紙, 紙漿, 衛生清潔用品, 造紙業","69, 7"
1909,榮成,造紙,"A股入摩, 物流, 紙業, 雙十一","工業用紙, 造紙業",7
2002,中鋼,"鋼鐵, 電動車","DANCE, 一帶一路, 軍工/國防, 鋼鐵, 鴻海MIH電動車平台","冷軋鋼捲, 塗鍍鋼捲, 板鋼, 條鋼, 棒鋼, 熱軋鋼捲, 線材盤元, 鋼板, 鋼胚, 鍍鋅鋼捲","41, 54"
2006,東和鋼鐵,鋼鐵,"東協, 鋼鐵","型鋼, 條鋼, 鋼構, 鋼筋",41
2007,燁興,鋼鐵,鋼鐵,"不鏽鋼, 不鏽鋼線材, 線材盤元",41
2008,高興昌,鋼鐵,鋼鐵,"條鋼, 鋼管",41
2009,第一銅,鋼鐵,鋼鐵,"銅, 非鐵金屬",41
2010,春源,鋼鐵,鋼鐵,"板鋼, 條鋼, 鋼剪裁加工, 鋼構",41
2012,春雨,鋼鐵,鋼鐵,"線材盤元, 螺絲螺帽",41
2013,中鋼構,鋼鐵,風力發電,"條鋼, 鋼構",41
2014,中鴻,傳產其他,,"冷軋鋼捲, 板鋼, 熱軋鋼捲",246
2015,豐興,鋼鐵,,"型鋼, 條鋼, 棒鋼, 鋼筋",41
2017,官田鋼,觀光,,"旅宿／餐飲, 線材盤元, 螺絲螺帽, 飯店",54
2020,美亞,鋼鐵,,"不鏽鋼, 不鏽鋼剪裁加工, 板鋼, 條鋼, 鋼剪裁加工, 鋼管",41
2022,聚亨,鋼鐵,,"線材盤元, 螺絲螺帽",41
2023,燁輝,傳產其他,,"板鋼, 烤漆鋼捲, 鍍鋅鋼捲",246
2024,志聯,傳產其他,,"條鋼, 棒鋼, 線材盤元",246
2025,千興,鋼鐵,,"不鏽鋼, 冷軋不鏽鋼",41
2027,大成鋼,鋼鐵,,"不鏽鋼, 不鏽鋼品, 不鏽鋼管, 線材盤元, 螺絲螺帽, 鋁, 非鐵金屬",41
2028,威致,鋼鐵,,"條鋼, 鋼筋",41
2029,盛餘,傳產其他,,"板鋼, 烤漆鋼捲, 鍍鋅鋼捲",246
2030,彰源,鋼鐵,,"不鏽鋼, 不鏽鋼剪裁加工, 不鏽鋼管",41
2031,新光鋼,傳產其他,,"板鋼, 鋼剪裁加工",246
2032,新鋼,鋼鐵,,"不鏽鋼, 不鏽鋼剪裁加工",41
2033,佳大,傳產其他,,線材盤元,246
2034,允強,鋼鐵,,"不鏽鋼, 不鏽鋼剪裁加工, 不鏽鋼管",41
2035,唐榮,鋼鐵,,"不鏽鋼, 冷軋不鏽鋼, 熱軋不鏽鋼, 資產股",41
2038,海光,鋼鐵,,"條鋼, 鋼筋",41
2049,上銀,"建材, 機械, 網通","3D列印, 一帶一路, 智慧型機器人/機械手臂, 無人機, 玻璃基板 E-Core Sys., 航空/航太, 軍工/國防","機械零組件, 滑軌","18, 93, 92"
2059,川湖,電子通路,"AWS, CES, GB300, 金屬製品","其他電子零件, 電子零件元件",256
2061,風青,電機電纜,,"漆包線, 電線電纜",32
2062,橋椿,傳產其他,"Home Depot, 水資源","家居用品, 水龍頭",246
2063,世鎧,鋼鐵,,"不鏽鋼, 不鏽鋼緊固件, 不鏽鋼線材, 線材盤元, 螺絲螺帽",41
2064,晉椿,傳產其他,,"條鋼, 棒鋼, 線材盤元",246
2065,世豐,鋼鐵,,"線材盤元, 螺絲螺帽",41
2066,世德,電動車,Tesla特斯拉,"線材盤元, 螺絲螺帽",54
2067,嘉鋼,機械,3D列印,機械零組件,93
2069,運錩,鋼鐵,,"不鏽鋼, 不鏽鋼剪裁加工",41
2070,精湛,半導體設備,,設備儀器商,109
2073,雄順,傳產其他,,線材盤元,246
2101,南港,橡膠,橡膠,"地產, 橡膠工業, 營建, 資產股, 輪胎",12
2102,泰豐,橡膠,橡膠,"橡膠工業, 資產股, 輪胎",12
2103,台橡,橡膠,橡膠,"合成橡膠, 橡膠工業, 熱可塑橡膠",12
2104,國際中橡,"生技醫療, 電動車","寧德時代, 新藥, 電動車","橡膠工業, 碳煙","134, 54"
2105,正新,"橡膠, 電動車","MIH, 共享單車, 橡膠, 電動車, 鴻海MIH電動車平台","橡膠工業, 橡膠製品, 輪胎","12, 54"
2106,建大,"橡膠, 電動車","MIH, 共享單車, 橡膠","橡膠工業, 橡膠製品, 輪胎","12, 54"
2107,厚生,橡膠,橡膠,"地產, 塑化製品, 塑膠皮布, 橡膠工業, 橡膠製品, 營建, 貨櫃場服務, 資產股, 運輸事業",12
2108,南帝,橡膠,橡膠,"乳膠相關, 橡膠工業",12
2109,華豐,橡膠,橡膠,"橡膠工業, 橡膠製品, 輪胎",12
2114,鑫永銓,橡膠,,"橡膠工業, 橡膠製品",12
2115,六暉-KY,電動車,"共享單車, 車用電子","汽機車零組件, 輪圈",54
2201,裕隆,電動車,"MIH, Tesla特斯拉, 汽車, 福建自貿區, 鴻海MIH電動車平台","汽機車零組件, 汽車服務相關, 汽車製造, 汽車銷售, 資產股, 車輛整車",54
2204,中華,電動車,"汽車, 車聯網, 電動車","客貨車輛相關, 機車零組件, 汽機車零組件, 汽車服務相關, 汽車製造, 汽車銷售, 車輛整車, 電動機車",54
2206,三陽工業,電動車,汽車,"機車, 汽車服務相關, 汽車製造, 汽車銷售, 資產股, 車輛整車, 電動機車",54
2207,和泰車,電動車,"汽車, 自動駕駛","汽機車零組件, 汽車服務相關, 汽車銷售",54
2208,台船,傳產其他,"氣候變遷, 軍工/國防",造船業,246
2211,長榮鋼,鋼鐵,,"傳產其他, 回收焚化／掩埋清運, 條鋼, 鋼構",41
2221,大甲,鋼鐵,,"不鏽鋼, 不鏽鋼品",41
2227,裕日車,電動車,"汽車, 福建自貿區","汽機車零組件, 汽車服務相關, 汽車銷售",54
2228,劍麟,電動車,"ADAS, 車聯網","傳產其他, 安全氣囊, 汽機車零組件, 汽車內裝",54
2230,泰茂,食品,,"汽機車零組件, 活塞, 流通業, 食品飲料相關通路",61
2231,為升,"網通, 電動車","無人機, 車用電子, 車聯網","倒車雷達, 胎壓監測系統, 車用電子","92, 54"
2233,宇隆,機械,航空/航太,"傳產其他, 機械零組件, 汽機車零組件, 減速機, 產業機械, 自行車零件, 金屬加工／製品",93
2235,謚源,電動車,,"汽機車零組件, 汽車內裝, 汽車空調, 車用冷卻系統",54
2236,百達-KY,連接器,Type-c,汽機車零組件,41
2239,英利-KY,電動車,,"汽機車零組件, 車用沖壓件, 車用金屬成型",54
2241,艾姆勒,傳產其他,,汽機車零組件,246
2243,宏旭-KY,傳產其他,,汽機車零組件,246
2247,汎德永業,電動車,汽車,"汽車服務相關, 汽車銷售",54
2248,華勝-KY,電動車,,汽車內裝,54
2250,IKKA-KY,傳產其他,,"家電, 家電零組件, 汽機車零組件",246
2254,巨鎧精密-創,傳產其他,,"汽機車零組件, 車燈",246
2258,鴻華先進-創,電動車,汽車,"汽車製造, 車輛整車, 電動車",54
2301,光寶科,"塑膠, 蘋果供應鏈, 電動車, 電源供應器","Apple蘋果, BBU, CES, GB200, GB300, PS5, 無線充電, 車用電子, 電源供應器, 鴻海MIH電動車平台","LED, LED封裝, LED照明產品, PV INVERTER, 事務機器, 光碟機／燒錄機, 光纖被動元件, 光通訊, 太陽能, 機殼, 無線充電, 無線網路設備系統(WLAN), 網通設備, 車用鋰電池, 車用電子, 週邊產品, 鍵盤, 電子其他, 電子零件元件, 電池, 電源供應器, 電腦系統業","62, 29, 54, 35"
2302,麗正,記憶體,IC-製造,"二極體, 分離式元件, 電晶體",27
2303,聯電,"IC代工, 網通","AMD, CES, IC-代工, 元宇宙, 功率半導體, 無人機, 福建自貿區, 穿載裝置","IC製造, 晶圓代工","31, 92"
2305,全友,"半導體設備, 生技醫療",掃描器,"掃瞄器, 設備儀器商, 診斷與監測用醫材, 週邊產品, 醫學影像裝置, 量測儀器","109, 134"
2308,台達電,"塑膠, 網通, 蘋果供應鏈, 被動元件, 電動車, 電源供應器","3DIC聯盟, AWS, Apple蘋果, BBU, CES, GB200, GB300, IOT物聯網, MIH, MWC, PS5, Tesla特斯拉, iPhone, 元宇宙, 太陽能, 智慧城市, 比特幣挖礦, 氣候變遷, 氫燃料電池, 無線充電, 穿載裝置, 第三方支付, 虛擬貨幣, 被動元件, 變壓器, 車用電子, 車聯網, 電動車, 電感, 電源供應器, 鴻海MIH電動車平台","INTERNET技術與基礎設施, LED, LED照明產品, PV INVERTER, UPS, 充電樁, 其他電子零件, 太陽能, 投影機, 散熱模組, 散熱風扇馬達, 晶片電阻, 機器人, 無線充電, 系統整合, 網通設備, 被動元件, 變壓器, 車用充電相關, 車用鋰電池, 車用電子, 軟體業, 雲端科技, 電力設備, 電子零件元件, 電感, 電池, 電源供應器, 顯示器","62, 92, 29, 49, 54, 35"
2312,金寶,"網通, 電動車","CES, EMS, 穿載裝置, 自動駕駛, 衛星/低軌衛星, 車用電子","POS機系統, 印表機, 家電, 工業電腦, 手機, 手機製造, 桌上型電腦, 消費性電子產品, 硬碟相關, 穿戴式裝置, 筆記型電腦製造, 網通設備, 視訊轉換相關, 車用電子, 週邊產品, 電子製造服務, 電腦系統業","92, 54"
2313,華通,"PCB, 網通, 蘋果供應鏈, 電動車","Apple蘋果, PCB, PCB-製造, Tesla特斯拉, iPhone, 小米, 美元升值, 衛星/低軌衛星, 電動車","印刷電路板, 印刷電路板相關, 軟板","64, 92, 29, 54"
2314,台揚,網通,"5G, CES, O-RAN, 衛星/低軌衛星, 通訊設備","低雜訊降頻器, 小型衛星地面站, 網通設備, 衛星通訊設備",92
2316,楠梓電,PCB,"A股入摩, PCB, PCB-製造","印刷電路板, 印刷電路板相關, 電子製造服務, 電腦系統業",64
2317,鴻海,"AI, 塑膠, 網通, 蘋果供應鏈, 連接器, 電動車, 面板","3D感測, 5G, AWS, Apple蘋果, A股入摩, CES, Chromebook, EMS, GB300, HPC, MIH, MWC, Micro LED, Oracle甲骨文, PS5, Type-c, iPhone, 任天堂Switch, 共享單車, 小米, 智慧音箱, 無線充電, 穿載裝置, 車聯網, 連接器","AI伺服器, ASIC伺服器, INTERNET技術與基礎設施, 伺服器, 印表機, 家電, 平板電腦, 手機, 手機製造, 桌上型電腦, 機器人, 消費性電子產品, 液晶電視, 穿戴式裝置, 筆記型電腦製造, 網通設備, 衛星通訊設備, 視訊轉換相關, 語音助理, 車用電子, 車輛整車, 連接器, 週邊產品, 遊戲機, 遊戲產業, 雲端科技, 電動車, 電子書閱讀器, 電子製造服務, 電子零件元件, 電腦系統業, 顯示器","40, 62, 92, 29, 41, 54, 91"
2321,東訊,網通,通訊設備,"智慧電網相關, 消費性電子產品, 網通設備, 電力設備, 電話／傳真機",92
2323,中環,IC代工,"其他, 文創","IC製造, 光碟片, 週邊產品, 非揮發性記憶體",31
2324,仁寶,蘋果供應鏈,"Apple蘋果, Chromebook, FANG, MWC, 居家辦公(WFH), 無線充電, 長期照護","AI伺服器, 伺服器, 家電, 平板電腦, 手機, 手機製造, 智慧型手機, 消費性電子產品, 液晶電視, 穿戴式裝置, 筆記型電腦製造, 網通設備, 車用電子, 電子製造服務, 電腦系統業, 顯示器",29
2327,國巨*,"蘋果供應鏈, 被動元件","Apple蘋果, 被動元件, 車聯網, 電容","MLCC, 晶片電阻, 被動元件, 鉭質電解電容, 電容, 電感","29, 49"
2328,廣宇,連接器,"A股入摩, 連接元件, 連接器","連接器, 連接線材, 電子製造服務, 電子零件元件, 電腦系統業",41
2329,華泰,封測,"ADAS, IC-封測","IC封裝, IC封裝測試, IC測試, 電子製造服務, 電腦系統業",26
2330,台積電,"AI, IC代工, 塑膠, 網通, 蘋果供應鏈","3DIC聯盟, 3D感測, AI PC, AI人工智慧, AMD, AWS, ChatGPT, CoWoS, DANCE, FANG, HPC, IC-代工, MWC, NFC, PS5, TPU, iPhone, 人臉辨識, 任天堂Switch, 元宇宙, 功率半導體, 指紋辨識, 智慧音箱, 次世代半導體, 氣候變遷, 無線充電, 虛擬貨幣, 行動支付, 車聯網","IC生產, IC製造, 晶圓代工","40, 31, 62, 92, 29"
2331,精英,電子通路,"AMD, 主機板, 資訊月","主機板, 平板電腦, 桌上型電腦, 消費性電子產品, 筆記型電腦製造, 繪圖卡, 電腦系統業",256
2332,友訊,網通,"5G, MWC, 網通","安全監控, 工業電腦, 無線網路設備系統(WLAN), 網路交換器, 網通設備, 資安設備",92
2337,旺宏,記憶體,"ADAS, IC-製造, 任天堂Switch","IC生產, IC製造, 非揮發性記憶體",27
2338,光罩,半導體設備,IC-半導體設備,"IC製造, 光罩",109
2340,台亞,面板,"LED及光元件, 次世代半導體","LED, LED晶粒, LED照明產品, 二極體, 分離式元件, 電晶體",91
2342,茂矽,IC代工,"功率半導體, 次世代半導體","IC製造, 晶圓代工",31
2344,華邦電,"AI, 記憶體","ADAS, AI PC, FANG, IC-製造, 人臉辨識, 行動支付, 記憶體","DRAM, IC生產, IC製造, 非揮發性記憶體","40, 27"
2345,智邦,"光通訊, 網通","AWS, DANCE, O-RAN, 光通訊, 網通, 遠距教學","網路交換器, 網通設備","46, 92"
2347,聯強,"IC設計, 電子通路",雙十一,"IC零組件通路商, 手機零售通路商, 電子元件代理商, 電子通路, 電腦通路商","108, 256"
2348,海悅,營建,,"地產, 房屋代銷, 營建",122
2349,錸德,半導體設備,長期照護,"儲存設備, 光碟片, 硬碟相關, 記憶卡, 週邊產品",109
2351,順德,封測,"IC-導線架, 功率半導體","傳產其他, 封測服務與材料, 導線架, 文具",26
2352,佳世達,"生技醫療, 網通, 面板","智慧醫療, 無人機, 長照, 顯示器","LCD顯示器, 其他醫療器材, 安全監控, 工業電腦, 掃瞄器, 網通設備, 診斷與監測用醫材, 週邊產品, 醫學影像裝置, 醫療服務, 醫療管理服務, 醫療耗材, 電子製造服務, 電腦系統業, 顯示器","134, 92, 91"
2353,宏碁,網通,"5G, AMD, Chromebook, MWC, 居家辦公(WFH), 智慧城市, 無線充電, 筆記型電腦, 資訊月, 雙十一, 電商, 電競","AI伺服器, 伺服器, 平板電腦, 投影機, 教育筆電, 桌上型電腦, 消費性電子產品, 筆記型電腦, 週邊產品, 電競筆電, 電競週邊, 電腦系統業, 顯示器",92
2354,鴻準,"塑膠, 散熱, 蘋果供應鏈","GB300, PS5, iPhone, 任天堂Switch, 散熱模組","散熱模組, 筆記型電腦用散熱模組, 鎂鋁合金, 電子製造服務, 電子零件元件, 電腦系統業","62, 16, 29"
2355,敬鵬,PCB,"PCB, PCB-製造","印刷電路板, 印刷電路板相關",64
2356,英業達,"AI, 網通","5G, AI人工智慧, AMD, AWS, DANCE, FANG, IOT物聯網, MWC, TPU, 小米, 智慧音箱, 筆記型電腦, 美元升值","AI伺服器, 伺服器, 筆記型電腦製造, 電子製造服務, 電腦系統業","40, 92"
2357,華碩,"AI, 網通, 連接器","5G, AMD, ChatGPT, Chromebook, IOT物聯網, Type-c, 人臉辨識, 居家辦公(WFH), 無線充電, 筆記型電腦, 美元升值, 虛擬貨幣, 資訊月, 電商, 電競","AI伺服器, 主機板, 手機, 教育筆電, 智慧型手機, 智慧手錶, 桌上型電腦, 穿戴式裝置, 筆記型電腦, 繪圖卡, 週邊產品, 電競筆電, 電競週邊, 電腦系統業","40, 92, 41"
2359,所羅門,機械,"其他, 智慧型機器人/機械手臂","LCM, 協作機器人, 機器人, 產業機械, 自動化設備, 軟體業, 電力設備, 電子元件代理商, 電子通路, 電機, 面板業",93
2360,致茂,"半導體設備, 網通, 電動車","3DIC聯盟, 3D感測, Tesla特斯拉, 儀器設備工程, 無人機, 軍工/國防","設備儀器商, 量測儀器","109, 92, 54"
2362,藍天,營建,"筆記型電腦, 電競","地產, 物業投資發展, 筆記型電腦製造, 資產股, 電腦系統業",122
2363,矽統,IC設計,"AMD, IC-設計","IC設計, MEMS, 繪圖IC, 觸控IC",108
2364,倫飛,科技其他,"AMD, 筆記型電腦","工業電腦, 強固電腦, 電腦系統業",36
2365,昆盈,機械,"Fun暑假, 智慧型機器人/機械手臂, 電腦周邊","滑鼠, 行車紀錄器, 車用電子, 週邊產品, 鍵盤, 電競週邊",93
2367,燿華,"PCB, 蘋果供應鏈","Airpods, PCB, PCB-製造","印刷電路板, 印刷電路板相關","64, 29"
2368,金像電,"AI, PCB","AWS, FANG, PCB, PCB-製造, TPU, 美元升值","印刷電路板, 印刷電路板相關","40, 64"
2369,菱生,封測,IC-封測,"IC封裝, IC封裝測試, IC測試",26
2371,大同,"機械, 電子通路, 電機電纜","太陽能, 智慧城市","充電樁, 冷氣機, 家電, 小家電, 智慧電網相關, 液晶電視, 系統整合, 變電設備, 變頻器, 資產股, 車用充電相關, 軟體業, 配電工程, 配電盤, 重電設備, 電力設備, 電子元件代理商, 電子通路, 電機, 電氣開關設備, 電線電纜","93, 256, 32"
2373,震旦行,電子通路,資訊通路,"家居用品, 辦公室傢俱, 辦公用品設備, 電子其他",256
2374,佳能,光通訊,數位相機,"光學元件, 光學鏡片／頭, 手機鏡頭模組, 手機零組件, 數位相機, 數位相機組裝",46
2375,凱美,被動元件,"被動元件, 鋁質電容, 電容, 電阻","散熱模組, 散熱風扇馬達, 晶片電阻, 被動元件, 鋁質電解電容",49
2376,技嘉,AI,"ChatGPT, 主機板, 居家辦公(WFH), 比特幣挖礦, 美元升值, 虛擬貨幣, 資訊月, 電商, 電競","AI伺服器, 主機板, 伺服器, 筆記型電腦, 繪圖卡, 週邊產品, 電競筆電, 電競週邊, 電腦系統業",40
2377,微星,"機械, 連接器","IOT物聯網, Type-c, 主機板, 居家辦公(WFH), 智慧型機器人/機械手臂, 比特幣挖礦, 美元升值, 虛擬貨幣, 資訊月, 電商, 電競","主機板, 伺服器, 桌上型電腦, 筆記型電腦, 繪圖卡, 週邊產品, 電競筆電, 電競週邊, 電腦系統業","93, 41"
2379,瑞昱,"IC設計, 網通, 蘋果供應鏈, 連接器","ADAS, Airpods, Chromebook, IC-設計, NFC, Type-c, VR虛擬實境, WiFi 6, 任天堂Switch, 元宇宙","IC設計, LCD控制IC, PC週邊IC, 安全監控IC, 影音IC, 數位電視IC, 無線網路IC, 網路卡IC, 網路通訊IC, 集線器IC","108, 92, 29, 41"
2380,虹光,電子通路,掃描器,"事務機器, 掃瞄器, 週邊產品, 電子其他",256
2382,廣達,"AI, 網通","AI人工智慧, AWS, ChatGPT, Chromebook, DANCE, FANG, O-RAN, Oracle甲骨文, 居家辦公(WFH), 智慧城市, 筆記型電腦, 美元升值","AI伺服器, 伺服器, 筆記型電腦製造, 電子製造服務, 電腦系統業","40, 92"
2383,台光電,"AI, PCB, 網通, 蘋果供應鏈","GB300, PCB-材料設備, TPU, iPhone, 衛星/低軌衛星, 銅箔基板","印刷電路板相關, 銅箔基板","40, 64, 92, 29"
2385,群光,"塑膠, 網通, 電源供應器","PS5, VR虛擬實境, 智慧音箱, 無人機, 電源供應器","週邊產品, 鍵盤, 電子零件元件, 電源供應器, 電競週邊","62, 92, 35"
2387,精元,傳產其他,NB與手機零組件,"週邊產品, 鍵盤",246
2388,威盛,"AI, IC設計, 網通, 連接器","ASIC, IC-設計, Type-c, VR虛擬實境, 任天堂Switch, 元宇宙, 無人機, 第三方支付, 虛擬貨幣","CPU, IC設計, 其他IC, 嵌入式晶片, 數位看板, 晶片組, 車用電子, 顯示器, 高速傳輸介面IC","40, 108, 92, 41"
2390,云辰,科技其他,安全監控,"安全監控, 工業電腦, 系統整合, 軟體業",36
2392,正崴,"塑膠, 蘋果供應鏈, 連接器, 電動車, 電源供應器","BBU, Fun暑假, GB200, PS5, Tesla特斯拉, Type-c, iPhone, 文創, 無線充電, 連接元件, 連接器","3C通路商, 工業用電池, 消費用電池, 車用鋰電池, 連接器, 連接線材, 週邊產品, 電子通路, 電子零件元件, 電池, 電源供應器","62, 29, 41, 54, 35"
2393,億光,面板,"LED及光元件, Mini LED","LED, LED封裝, LED照明產品",91
2395,研華,網通,"3DIC聯盟, 5G, IOT物聯網, 元宇宙, 工業電腦, 智慧城市",工業電腦,92
2397,友通,科技其他,,工業電腦,36
2399,映泰,科技其他,"主機板, 比特幣挖礦, 虛擬貨幣","主機板, 工業電腦, 繪圖卡, 電腦系統業",36
2401,凌陽,"AI, IC設計, 網通","ADAS, ASIC, IC-設計, 人臉辨識, 元宇宙","DSP, IC設計, 光碟機驅動IC, 影音IC, 消費性IC, 設計IP","40, 108, 92"
2402,毅嘉,"PCB, 電子通路",,"其他電子零件, 印刷電路板相關, 軟板, 電子零件元件","64, 256"
2404,漢唐,半導體設備,儀器設備工程,"廠務工程, 電子其他",109
2405,輔信,半導體設備,"主機板, 人臉辨識","準系統, 福祉輔助設備, 輔助與彌補用醫材, 電腦系統業",109
2406,國碩,傳產其他,"太陽能, 氣候變遷","太陽能, 太陽能導電漿, 太陽能系統運用",246
2408,南亞科,"AI, 記憶體","AI PC, IC-DRAM製造, 虛擬貨幣, 記憶體","DRAM, IC生產, IC製造","40, 27"
2409,友達,面板,"LCD-TFT面板, Micro LED, Mini LED, 太陽能, 小米, 顯示器","OLED, TFT-LCD, 中小尺吋面板, 觸控面板, 面板業",91
2412,中華電,"網通, 電信服務","5G, NFC, O-RAN, 宅經濟, 智慧城市, 第三方支付, 行動支付, 資訊月, 電信服務","多軌道衛星, 網通設備, 行動通訊, 通訊服務, 電信／數據服務","92, 3"
2413,環科,"被動元件, 電源供應器","被動元件, 變壓器, 電感, 電源供應器","被動元件, 變壓器, 電子製造服務, 電子零件元件, 電感, 電源供應器, 電腦系統業","49, 35"
2414,精技,電子通路,"IOT物聯網, NFC, 資訊通路","電子通路, 電腦通路商",256
2415,錩新,"金融, 電子通路",聲學元件,"其他電子零件, 證券, 金融業, 電子零件元件, 音響設備及零件","50, 256"
2417,圓剛,電子通路,PC介面卡,"消費性電子產品, 視訊會議產品, 視訊轉換相關",256
2419,仲琦,網通,"衛星/低軌衛星, 通訊設備, 遠距教學","接取設備, 數據機, 系統整合, 網通設備, 軟體業",92
2420,新巨,電源供應器,電源供應器,"程式開關, 電子零件元件, 電源供應器",35
2421,建準,"散熱, 蘋果供應鏈","GB300, iPhone, 散熱模組, 散熱零組件, 智慧音箱","散熱模組, 散熱風扇馬達","16, 29"
2423,固緯,半導體設備,儀器設備工程,"設備儀器商, 量測儀器",109
2424,隴華,"光通訊, 網通",,"低軌道衛星, 網通設備, 通訊服務","46, 92"
2425,承啟,AI,"ChatGPT, 主機板","AI伺服器, 主機板, 伺服器, 繪圖卡, 電腦系統業",40
2426,鼎元,面板,"LED及光元件, Mini LED","LED, LED晶粒, 二極體, 光纖主動元件, 光通訊, 分離式元件, 電晶體",91
2427,三商電,金融,系統整合,"傳產其他, 系統整合, 軟體業, 金融機具",50
2428,興勤,被動元件,"保護元件, 被動元件","壓敏電阻, 熱敏電阻, 被動元件",49
2429,銘旺科,PCB,PCB,"玻璃基板加工, 面板零組件",64
2430,燦坤,電子通路,"第三方支付, 資訊月, 資訊通路","3C通路商, 家電, 電器銷售, 電子通路",256
2431,聯昌,電源供應器,電源供應器,"電子零件元件, 電源供應器",35
2432,倚天酷碁-創,運動休閒,,"傳產其他, 手提箱, 自行車, 車輛整車, 週邊產品, 電競週邊",37
2433,互盛電,電子通路,,"事務機器, 電子其他",256
2434,統懋,記憶體,IC-製造,"二極體, 分離式元件, 電晶體",27
2436,偉詮電,"IC設計, 連接器","IC-設計, IOT物聯網, NFC, RFID, Type-c, 小米, 快速充電, 第三方支付, 行動支付","IC設計, IC零組件通路商, LED驅動IC, MCU, PC週邊IC, 消費性IC, 電子通路, 類比IC, 馬達IC","108, 41"
2438,翔耀,"半導體設備, 建材, 電機電纜, 面板",,"家電, 小家電, 玻璃基板加工, 配電工程, 電力設備, 面板零組件","109, 18, 32, 91"
2439,美律,AI,"AI人工智慧, 智慧音箱","微型揚聲器, 耳機, 電聲產品",40
2440,太空梭,連接器,連接元件,"裸銅線, 電線電纜",41
2441,超豐,封測,"IC-封測, 指紋辨識","IC封裝, IC封裝測試, IC測試",26
2442,新美齊,營建,,"地產, 營建",122
2444,兆勁,網通,網通,"無線網路設備系統(WLAN), 硬碟相關, 網通設備, 記憶卡, 週邊產品",92
2449,京元電子,"IC代工, 封測","CoWoS, IC-封測, NFC, 行動支付","IC封裝, IC封裝測試, IC測試","31, 26"
2450,神腦,電子通路,資訊通路,"3C通路商, 手機零售通路商, 電子通路",256
2451,創見,記憶體,"DRAM銷售, 記憶體","DRAM模組, FLASH模組, 記憶體模組, 電子零件元件",27
2453,凌群,伺服器,"系統整合, 行動支付, 資安","INTERNET技術與基礎設施, 系統整合, 軟體業, 雲端科技",32
2454,聯發科,"AI, IC設計, 塑膠, 網通, 蘋果供應鏈","AI PC, AI人工智慧, ASIC, Airpods, Apple Pay, A股入摩, Chromebook, FANG, IC-設計, NFC, PS5, TPU, WiFi 6, 小米, 快速充電, 智慧音箱, 行動支付","CPU, DSL晶片組, IC設計, LCD控制IC, 光碟機驅動IC, 影音IC, 手機晶片相關, 手機零組件, 數位電視IC, 數據機晶片組, 消費性IC, 無線網路IC, 網路通訊IC, 衛星導航晶片組","40, 108, 62, 92, 29"
2455,全新,光通訊,"3D感測, 光通訊, 半導體元件, 折疊機","IC製造, 光通訊元件磊晶, 砷化鎵相關",46
2457,飛宏,電源供應器,電源供應器,"電子零件元件, 電源供應器",35
2458,義隆,"AI, IC設計, 網通","AI PC, Chromebook, IC-設計, VR虛擬實境, 人臉辨識, 元宇宙, 居家辦公(WFH), 指紋辨識, 行動支付","IC設計, MCU, PC週邊IC, 消費性IC, 生物辨識IC, 觸控IC","40, 108, 92"
2459,敦吉,被動元件,"其他, 變壓器","檢測驗證服務, 設備儀器商, 電子元件代理商, 電子通路",49
2460,建通,連接器,"連接元件, 連接器","其他電子零件, 電子零件元件",41
2461,光群雷,電子通路,"IOT物聯網, RFID, 其他","光學膜, 電子其他, 面板零組件",256
2462,良得電,連接器,連接元件,"連接線材, 電子零件元件",41
2464,盟立,"半導體設備, 建材, 機械","儀器設備工程, 智慧型機器人/機械手臂, 玻璃基板 E-Core Sys.","半導體製程設備, 機器人, 產業機械, 自動化設備, 設備儀器商, 軟體業, 軟體通路／代理, 面板設備","109, 18, 93"
2465,麗臺,科技其他,比特幣挖礦,"繪圖卡, 電腦系統業",36
2466,冠西電,面板,LED及光元件,"LED, LED照明產品, 光纖被動元件, 光通訊",91
2467,志聖,"PCB, 記憶體","3DIC聯盟, HBM, PCB-材料設備","PCB相關設備, 半導體製程設備, 設備儀器商, 面板設備","64, 27"
2468,華經,傳產其他,"系統整合, 資安","系統整合, 軟體業",246
2471,資通,傳產其他,"系統整合, 資安","企業資源規劃, 客戶關係管理, 應用軟體, 系統整合, 軟體業",246
2472,立隆電,被動元件,"被動元件, 鋁質電容, 電容","被動元件, 被動元件上游, 鋁質電解電容",49
2474,可成,電子通路,,"鎂鋁合金, 電子零件元件",256
2476,鉅祥,連接器,連接元件,"模具沖壓, 電子零件元件",41
2477,美隆電,電子通路,消費電子,"電子零件元件, 音響設備及零件",256
2478,大毅,被動元件,"保護元件, 小米, 被動元件","晶片電阻, 被動元件",49
2480,敦陽科,伺服器,"系統整合, 資安","INTERNET技術與基礎設施, 系統整合, 資訊安全, 軟體業, 雲端科技",32
2481,強茂,記憶體,"IC-製造, 功率半導體","二極體, 分離式元件, 電晶體",27
2482,連宇,"塑膠, 機械, 蘋果供應鏈","Apple Pay, NFC, 商業自動化","IC讀卡機, 週邊產品","62, 93, 29"
2483,百容,連接器,"IC-導線架, 連接器","其他電子零件, 封測服務與材料, 導線架, 程式開關, 連接器, 電力設備, 電子零件元件, 電機, 電氣零件與設備",41
2484,希華,被動元件,"濾波器, 石英元件, 被動元件","振盪器, 濾波器, 石英元件, 被動元件",49
2485,兆赫,網通,通訊設備,"低雜訊降頻器, 消費性電子產品, 網通設備, 視訊轉換相關",92
2486,一詮,面板,IC-導線架,"LED, LED散熱基板, 封測服務與材料, 導線架, 背光模組, 面板零組件",91
2488,漢平,電子通路,消費電子,"電子零件元件, 音響設備及零件",256
2489,瑞軒,面板,顯示器,"LCD顯示器, 家電, 液晶電視, 顯示器",91
2491,吉祥全,面板,照明,"LED, LED照明產品",91
2492,華新科,被動元件,"小米, 被動元件, 電容","MLCC, 晶片電阻, 被動元件, 電容",49
2493,揚博,PCB,PCB-材料設備,"PCB相關設備, 半導體材料通路商, 設備儀器商, 電子通路, 面板設備",64
2495,普安,傳產其他,磁碟陣列,"磁碟陣列控制器, 週邊產品",246
2496,卓越,伺服器,"文創娛樂, 遠距教學","教育事業, 服務業",32
2497,怡利電,電子通路,自動駕駛,"抬頭顯示器(HUD), 胎壓監測系統, 行車紀錄器, 車用電子, 車載影音系統",256
2498,宏達電,電子通路,"VR虛擬實境, 人臉辨識, 手機製造, 資訊月","手機, 手機製造, 智慧型手機, 消費性電子產品, 穿戴式裝置, 虛擬實境, 軟體業",256
2501,國建,營建,營建,"地產, 營建",122
2504,國產,營建,營建,"水泥, 資產股, 預拌混凝土",122
2505,國揚,營建,營建,"地產, 營建",122
2506,太設,營建,營建,"地產, 營建, 物業投資發展",122
2509,全坤建,營建,營建,"地產, 營建",122
2511,太子,營建,營建,"地產, 旅宿／餐飲, 營建, 飯店",122
2514,龍邦,營建,營建,"住宅建設, 地產, 營建, 營造工程",122
2515,中工,營建,營建,"住宅建設, 基礎建設, 營造工程, 配電工程, 電力設備",122
2516,新建,營建,,"住宅建設, 基礎建設, 營造工程",122
2520,冠德,營建,,"住宅建設, 地產, 營建, 營造工程",122
2524,京城,營建,,"地產, 營建",122
2527,宏璟,營建,,"地產, 營建",122
2528,皇普,營建,,"地產, 營建",122
2530,華建,營建,,"地產, 營建",122
2534,宏盛,營建,,"地產, 營建, 物業投資發展",122
2535,達欣工,營建,,"住宅建設, 基礎建設, 營造工程",122
2536,宏普,營建,,"地產, 營建",122
2537,聯上發,營建,,"地產, 營建",122
2538,基泰,營建,,"地產, 營建",122
2539,櫻花建,營建,,"地產, 營建",122
2540,愛山林,營建,,"住宅建設, 地產, 房屋代銷, 營造工程",122
2542,興富發,營建,,"地產, 營建",122
2543,皇昌,營建,,"基礎建設, 營造工程",122
2545,皇翔,營建,,"地產, 營建",122
2546,根基,營建,,"住宅建設, 基礎建設, 營造工程",122
2547,日勝生,"營建, 百貨零售",,"地產, 流通業, 營建, 物業投資發展, 百貨業","122, 30"
2548,華固,營建,,"地產, 營建",122
2596,綠意,營建,,"地產, 營建",122
2597,潤弘,營建,,"住宅建設, 基礎建設, 建材, 營造工程",122
2601,益航,"百貨零售, 航運",,"散裝航運, 流通業, 百貨業, 運輸事業","30, 31"
2603,長榮,航運,航運,"貨櫃航運, 運輸事業",31
2605,新興,航運,航運,"散裝航運, 油輪, 運輸事業",31
2606,裕民,航運,航運,"散裝航運, 油輪, 運輸事業",31
2607,榮運,航運,"物流, 航運","倉儲服務, 其他公用事業, 加油站, 客運, 物流業, 貨櫃場服務, 資產股, 運輸事業, 陸運",31
2608,嘉里大榮,航運,"物流, 航運, 電商","倉儲服務, 物流業, 運輸事業, 陸運",31
2609,陽明,航運,航運,"貨櫃航運, 運輸事業",31
2610,華航,"航運, 觀光","Fun暑假, 旅遊, 航運","空運, 運輸事業","31, 54"
2611,志信,航運,航運,"地產, 旅宿／餐飲, 流通業, 營建, 貿易, 運輸事業, 陸運, 飯店",31
2612,中航,航運,,"散裝航運, 物流業, 貨櫃場服務, 運輸事業, 陸運",31
2613,中櫃,航運,,"貨櫃場服務, 運輸事業",31
2614,東森,航運,,"傳播事業, 傳產其他, 寵物用品, 有線電視, 貨櫃場服務, 運輸事業",31
2615,萬海,航運,,"貨櫃航運, 運輸事業",31
2616,山隆,傳產其他,,"其他公用事業, 加油站, 運輸事業, 陸運",246
2617,台航,航運,,"散裝航運, 水上運輸, 運輸事業",31
2618,長榮航,觀光,"Fun暑假, 旅遊","空運, 運輸事業",54
2630,亞航,網通,無人機,"運輸事業, 飛機維修",92
2633,台灣高鐵,傳產其他,,"運輸事業, 鐵路運輸",246
2634,漢翔,機械,"航空/航太, 軍工/國防","機械零組件, 航天機械零組件, 航天軍工, 飛機零件／製造",93
2636,台驊控股,航運,物流,"海空運承攬業, 物流業, 運輸事業",31
2637,慧洋-KY,航運,,"散裝航運, 運輸事業",31
2640,大車隊,電動車,,"客運, 汽車服務相關, 運輸事業",54
2641,正德,航運,,"散裝航運, 運輸事業",31
2642,宅配通,航運,物流,"物流業, 運輸事業, 陸運",31
2643,捷迅,航運,物流,"海空運承攬業, 運輸事業, 陸運",31
2645,長榮航太,網通,無人機,"航天機械零組件, 航天軍工, 運輸事業, 飛機維修",92
2646,星宇航空,航運,,"空運, 運輸事業",31
2701,萬企,觀光,觀光,"休閒娛樂, 地產, 物業投資發展, 電影院／劇院",54
2702,華園,觀光,"旅遊, 觀光","旅宿／餐飲, 飯店",54
2704,國賓,觀光,"旅遊, 觀光","旅宿／餐飲, 飯店, 餐飲",54
2705,六福,觀光,"Fun暑假, 旅遊, 觀光","主題樂園, 休閒娛樂, 旅宿／餐飲, 資產股, 飯店",54
2706,第一店,觀光,觀光,"地產, 旅宿／餐飲, 物業投資發展, 飯店",54
2707,晶華,觀光,"旅遊, 觀光","旅宿／餐飲, 飯店",54
2712,遠雄來,觀光,,"旅宿／餐飲, 飯店",54
2718,全心投控,營建,,"地產, 控股公司, 營建",122
2719,燦星旅,觀光,旅遊,"休閒娛樂, 旅行社",54
2722,夏都,觀光,旅遊,"旅宿／餐飲, 飯店",54
2723,美食-KY,"觀光, 食品",,"休閒食品零售, 旅宿／餐飲, 穀類烘焙製品, 食品加工, 餐飲","54, 61"
2724,藝舍-KY,營建,,"地產, 房屋代銷",122
2726,雅茗-KY,觀光,,"旅宿／餐飲, 連鎖飲料, 餐飲",54
2727,王品,觀光,,"旅宿／餐飲, 餐飲",54
2729,瓦城,觀光,,"旅宿／餐飲, 餐飲",54
2731,雄獅,運動休閒,,"休閒娛樂, 旅行社",37
2732,六角,觀光,,"旅宿／餐飲, 連鎖飲料, 餐飲",54
2734,易飛網,運動休閒,,"INTERNET應用與服務, 休閒娛樂, 旅行社, 電商平台",37
2736,富野,觀光,,"旅宿／餐飲, 飯店",54
2739,寒舍,觀光,,"旅宿／餐飲, 飯店",54
2740,天蔥,觀光,,"旅宿／餐飲, 餐飲",54
2743,山富,運動休閒,,"休閒娛樂, 旅行社",37
2745,五福,運動休閒,,"休閒娛樂, 旅行社",37
2748,雲品,"伺服器, 觀光",,"婚宴顧問, 旅宿／餐飲, 服務業, 飯店","32, 54"
2751,王座,觀光,,"旅宿／餐飲, 餐飲",54
2752,豆府,觀光,,"旅宿／餐飲, 餐飲",54
2753,八方雲集,觀光,,"旅宿／餐飲, 餐飲",54
2754,亞洲藏壽司,觀光,,"旅宿／餐飲, 餐飲",54
2755,揚秦,觀光,,"旅宿／餐飲, 餐飲",54
2756,聯發國際,觀光,,"旅宿／餐飲, 連鎖飲料, 餐飲",54
2762,世界健身-KY,運動休閒,運動休閒,"休閒娛樂, 連鎖健身房",37
2801,彰銀,金融,"福建自貿區, 銀行","金融業, 銀行",50
2812,台中銀,金融,銀行,"金融業, 銀行",50
2816,旺旺保,金融,保險,"產險, 金融業",50
2820,華票,金融,,"票券, 金融其他, 金融業",50
2832,台產,金融,保險,"產險, 金融業",50
2834,臺企銀,金融,銀行,"金融業, 銀行",50
2836,高雄銀,金融,銀行,"金融業, 銀行",50
2838,聯邦銀,金融,銀行,"金融業, 銀行",50
2845,遠東銀,金融,銀行,"金融業, 銀行",50
2849,安泰銀,金融,銀行,"金融業, 銀行",50
2850,新產,金融,保險,"產險, 金融業",50
2851,中再保,金融,保險,"再保險, 壽險, 產險, 金融業",50
2852,第一保,金融,保險,"再保險, 產險, 金融業",50
2855,統一證,金融,證券,"證券, 金融業",50
2867,三商壽,金融,保險,"壽險, 金融業",50
2880,華南金,金融,"福建自貿區, 金控","投信, 產險, 證券, 資產管理, 金控, 金融其他, 金融業, 銀行",50
2881,富邦金,金融,"A股入摩, 福建自貿區, 金控","壽險, 投信, 投資信託, 產險, 證券, 資產管理, 金控, 金融其他, 金融業, 銀行",50
2882,國泰金,金融,"A股入摩, 金控","壽險, 投信, 投資信託, 產險, 證券, 資產管理, 金控, 金融其他, 金融業, 銀行",50
2883,凱基金,金融,"A股入摩, 金控","證券, 金控, 金融業, 銀行",50
2884,玉山金,金融,金控,"保險經紀, 證券, 金控, 金融其他, 金融業, 銀行",50
2885,元大金,金融,金控,"投信, 投資信託, 證券, 證金公司, 資產管理, 金控, 金融其他, 金融業, 銀行",50
2886,兆豐金,金融,金控,"投信, 產險, 票券, 證券, 資產管理, 金控, 金融其他, 金融業, 銀行",50
2887,台新新光金,金融,金控,"保險經紀, 壽險, 投信, 證券, 資產管理, 金控, 金融其他, 金融業, 銀行",50
2889,國票金,金融,,"票券, 證券, 金控, 金融其他, 金融業",50
2890,永豐金,金融,福建自貿區,"投信, 租賃, 證券, 資產管理, 金控, 金融其他, 金融業, 銀行",50
2891,中信金,"伺服器, 金融",,"保全業, 保險經紀, 壽險, 投信, 投資信託, 服務業, 證券, 資產管理, 金控, 金融業, 銀行","32, 50"
2892,第一金,金融,,"壽險, 投信, 證券, 資產管理, 金控, 金融其他, 金融業, 銀行",50
2897,王道銀行,金融,銀行,"金融業, 銀行",50
2901,欣欣,百貨零售,百貨,"地產, 流通業, 物業投資發展, 百貨業, 資產股",30
2903,遠百,百貨零售,百貨,"流通業, 百貨業, 量販店、大賣場",30
2904,匯僑,傳產其他,,"太陽能發電, 油品儲運／分銷, 石油及天然氣, 電力",246
2905,三商,百貨零售,百貨,控股公司,30
2906,高林,百貨零售,百貨,"家居相關用品通路, 成衣, 成衣銷售／零售, 流通業, 貿易, 醫療器材通路, 醫藥流通",30
2908,特力,百貨零售,"Home Depot, 百貨","家居相關用品通路, 流通業, 貿易, 量販店、大賣場",30
2910,統領,百貨零售,百貨,"地產, 流通業, 營建, 百貨業",30
2911,麗嬰房,百貨零售,"二胎化, 百貨","傳產其他, 嬰童用品, 玩具",30
2912,統一超,百貨零售,"Fun暑假, 百貨, 零售","便利商店, 流通業",30
2913,農林,"百貨零售, 食品",,"流通業, 茶葉相關, 貿易, 資產股, 農林漁牧, 農產品種植, 食品加工","30, 61"
2915,潤泰全,"百貨零售, 紡織",,"成衣, 成衣銷售／零售, 控股公司, 流通業, 織布業, 貿易","30, 59"
2916,滿心,紡織,,"成衣, 成衣銷售／零售",59
2923,鼎固-KY,營建,,"地產, 營建, 物業投資發展",122
2924,宏太-KY,傳產其他,二胎化,"傳產其他, 嬰童用品, 玩具",246
2926,誠品生活,"百貨零售, 觀光","文創, 文創娛樂","文化創意產業, 旅宿／餐飲, 書店, 流通業, 百貨業, 餐飲","30, 54"
2929,淘帝-KY,傳產其他,,"傳產其他, 嬰童用品",246
2937,集雅社,傳產其他,,"家電, 電器銷售",246
2939,永邑-KY,百貨零售,,"家居相關用品通路, 流通業, 貿易",30
2941,米斯特,紡織,,"INTERNET應用與服務, 成衣, 成衣銷售／零售, 電商平台",59
2945,三商家購,傳產其他,,"流通業, 連鎖超市",246
2947,振宇五金,"百貨零售, 電子通路",,"家居相關用品通路, 流通業, 量販店、大賣場","30, 256"
2948,寶陞,電子通路,,"家居相關用品通路, 流通業",256
2949,欣新網,傳產其他,,"INTERNET技術與基礎設施, 傳播事業, 廣告, 電商服務",246
3002,歐格,"被動元件, 電源供應器","電源供應器, 電阻","商用遊戲機, 被動元件, 遊戲產業, 電子零件元件, 電源供應器","49, 35"
3003,健和興,"連接器, 電源供應器","BBU, 連接元件, 連接器","其他電子零件, 汽機車零組件, 汽車端子, 連接器, 電子零件元件","41, 35"
3004,豐達科,鋼鐵,,"線材盤元, 航天軍工, 螺絲螺帽",41
3005,神基,電子通路,"筆記型電腦, 軍工/國防","工業電腦, 強固電腦, 機殼, 汽機車零組件, 電子零件元件, 電腦系統業",256
3006,晶豪科,記憶體,記憶體IC設計,"DRAM記憶體IC, FLASH記憶體IC, IC設計, 類比IC",27
3008,大立光,光通訊,"3D感測, DANCE, 光學鏡片","光學元件, 光學鏡片／頭",46
3010,華立,電子通路,IC-通路,"半導體材料通路商, 電子元件代理商, 電子通路",256
3011,今皓,連接器,"Fun暑假, 連接元件","連接線材, 電子零件元件",41
3013,晟銘電,電子通路,機殼,"伺服器機殼, 電子零件元件",256
3014,聯陽,記憶體,記憶體IC設計,"IC設計, IO控制IC, PC週邊IC, 安全監控IC, 影音IC, 數位電視IC, 消費性IC, 觸控IC, 高速傳輸介面IC",27
3015,全漢,電源供應器,"比特幣挖礦, 電源供應器","電子零件元件, 電源供應器",35
3016,嘉晶,IC代工,"晶圓材料, 矽晶圓","IC製造, 矽晶圓, 磊晶",31
3017,奇鋐,散熱,"NB與手機零組件, 散熱模組","伺服器機殼, 伺服器用散熱模組, 其他散熱零件, 散熱模組, 散熱風扇馬達, 機殼, 筆記型電腦用散熱模組, 電子零件元件",16
3018,隆銘綠能,"營建, 電子通路",,"地產, 廠務工程, 營建, 電子其他","122, 256"
3019,亞光,"光通訊, 百貨零售","3D感測, 光學鏡片, 零售","傳產其他, 光學, 光學元件, 光學鏡片／頭, 影像感測元件, 數位相機, 數位相機組裝","46, 30"
3021,鴻名,電子通路,,"系統整合, 軟體業, 連接線材, 電子零件元件",256
3022,威強電,科技其他,工業電腦,工業電腦,36
3023,信邦,連接器,"太陽能, 連接器","連接器, 連接線材, 電子零件元件",41
3024,憶聲,電子通路,,"園區開發, 地產, 家電, 資產股, 車用電子, 車載影音系統, 電器銷售",256
3025,星通,網通,通訊設備,"光纖設備, 光通訊, 網通設備, 電信設備",92
3026,禾伸堂,被動元件,"被動元件, 電容","IC零組件通路商, MLCC, 被動元件, 鋁質電解電容, 電子元件代理商, 電子通路",49
3027,盛達,被動元件,變壓器,"PV INVERTER, 太陽能, 太陽能發電, 太陽能系統運用, 接取設備, 網通設備, 重電設備, 電力, 電力設備",49
3028,增你強,電子通路,IC-通路,"IC零組件通路商, 電子元件代理商, 電子通路",256
3029,零壹,AI,"ChatGPT, 系統整合","INTERNET技術與基礎設施, 系統整合, 資訊安全, 軟體業, 軟體通路／代理, 雲端科技",40
3030,德律,"PCB, 半導體設備",,"PCB相關設備, 設備儀器商","64, 109"
3031,佰鴻,面板,LED及光元件,"LED, LED封裝, LED照明產品",91
3032,偉訓,"電子通路, 電源供應器",機殼,"伺服器機殼, 機殼, 週邊產品, 電子零件元件, 電源供應器, 電競週邊","256, 35"
3033,威健,電子通路,IC-通路,"IC零組件通路商, 電子通路",256
3034,聯詠,"IC設計, 面板","IC-設計, Micro LED, 指紋辨識, 顯示器","CMOS晶片, IC設計, LCD控制IC, LCD驅動IC, 安全監控IC, 影音IC, 手機零組件, 手機面板驅動IC, 數位電視IC, 觸控IC","108, 91"
3035,智原,AI,"ASIC, ChatGPT, IP/ASIC, 人臉辨識, 矽智財IP","ASIC, IC設計, 設計IP",40
3036,文曄,電子通路,IC-通路,"IC零組件通路商, 電子通路",256
3037,欣興,"AI, PCB","3DIC聯盟, ABF, HPC, IC載板, PCB, TPU","ABF載板, BGA基板, IC基板, 印刷電路板, 印刷電路板相關, 封測服務與材料","40, 64"
3038,全台,面板,LCD-STN面板,"LCM, 中小尺吋面板, 觸控面板, 面板業",91
3040,遠見,電子通路,消費電子,"地產, 消費性電子產品, 物業投資發展",256
3041,揚智,IC設計,,"IC設計, 影音IC, 機上盒晶片, 消費性IC",108
3042,晶技,"AI, 被動元件","HPC, 石英元件","振盪器, 石英元件, 被動元件","40, 49"
3043,科風,"塑膠, 電源供應器",變壓器與UPS,"UPS, 電子零件元件","62, 35"
3044,健鼎,PCB,"PCB, PCB-製造","印刷電路板, 印刷電路板相關",64
3045,台灣大,電信服務,"宅經濟, 智慧城市, 電信服務","INTERNET應用與服務, 低軌道衛星, 無店舖販售, 網通設備, 行動通訊, 通訊服務, 電信／數據服務, 電商平台, 電視購物",3
3046,建碁,面板,,"工業電腦, 數位看板, 顯示器",91
3047,訊舟,電機電纜,智慧電網,"區域網路, 無線網路設備系統(WLAN), 網通設備",32
3048,益登,"塑膠, 蘋果供應鏈, 電子通路","Apple Pay, IC-通路","IC零組件通路商, 電子通路","62, 29, 256"
3049,精金,面板,LCD-零組件,"觸控面板, 面板業",91
3050,鈺德,"傳產其他, 觀光, 運動休閒",,"休閒娛樂, 光碟片, 太陽能, 太陽能系統運用, 旅宿／餐飲, 碟片預錄, 餐飲","246, 54, 37"
3051,力特,面板,LCD-零組件,"偏光板, 面板零組件",91
3052,夆典,營建,,"地產, 水電消防工程, 營建, 營造工程",122
3054,立萬利,"IC代工, 食品",,"DRAM, IC製造, 生物科技, 非揮發性記憶體, 食品生技","31, 61"
3055,蔚華科,半導體設備,儀器設備工程,"半導體製程設備, 封測用設備, 設備儀器商",109
3056,富華新,營建,,"地產, 控股公司, 營建",122
3057,喬鼎,傳產其他,"智慧城市, 磁碟陣列","磁碟陣列控制器, 週邊產品",246
3058,立德,被動元件,變壓器,"變壓器, 電子零件元件, 電源供應器",49
3059,華晶科,"IC設計, 電子通路","3D感測, 數位相機, 自動駕駛","IC設計, 光學元件, 光學鏡片／頭, 安全監控, 工業電腦, 影像感測元件, 影音IC, 手機鏡頭模組, 手機零組件, 數位相機, 數位相機組裝, 診斷與監測用醫材, 車用電子","108, 256"
3060,銘異,傳產其他,,"硬碟相關, 週邊產品",246
3062,建漢,網通,"O-RAN, 網通","消費性電子產品, 無線網路設備系統(WLAN), 網通設備, 視訊轉換相關",92
3064,泰偉,科技其他,"文創, 遊戲","PC遊戲, 博奕機台, 工業電腦, 遊戲產業",36
3066,李洲,面板,LED及光元件,"LED, LED封裝",91
3067,全域,電子通路,消費電子,"水資源, 水資源設備／耗材, 電子零件元件, 音響設備及零件",256
3071,協禧,散熱,,"散熱模組, 散熱風扇馬達, 筆記型電腦用散熱模組",16
3073,天方能源,傳產其他,綠能環保,"太陽能發電, 電力, 風力發電",246
3078,僑威,電源供應器,"比特幣挖礦, 電源供應器","電子零件元件, 電源供應器",35
3081,聯亞,"AI, 光通訊","TPU, 光通訊, 半導體元件","IC製造, 光通訊元件磊晶, 砷化鎵相關","40, 46"
3083,網龍,傳產其他,"宅經濟, 文創, 線上遊戲, 遊戲","PC遊戲, 手機遊戲, 遊戲產業",246
3085,新零售,航運,其他,"INTERNET應用與服務, 物流業, 運輸事業, 電商平台",31
3086,華義,傳產其他,"宅經濟, 文創, 線上遊戲, 遊戲","PC遊戲, 手機遊戲, 文化創意產業, 遊戲產業",246
3088,艾訊,科技其他,工業電腦,工業電腦,36
3090,日電貿,被動元件,"鋁質電容, 電容","MLCC, 被動元件, 鋁質電解電容, 電子元件代理商, 電子通路, 電容",49
3092,鴻碩,電子通路,,"連接線材, 電子零件元件",256
3093,港建*,半導體設備,儀器設備工程,"PCB相關設備, 封測用設備, 設備儀器商",109
3094,聯傑,"塑膠, 蘋果供應鏈","Apple Pay, RFID","IC設計, 網路通訊IC","62, 29"
3095,及成,電子通路,NB與手機零組件,"模具沖壓, 電子零件元件",256
3105,穩懋,IC代工,"3D感測, IC-代工","IC製造, 化合物晶圓, 砷化鎵相關",31
3114,好德,電子通路,資訊通路,"連接器, 連接線材, 電子元件代理商, 電子通路, 電子零件元件",256
3115,富榮綱,PCB,"PCB-製造, PCB材料","銅, 鋁, 非鐵金屬",64
3118,進階,生技醫療,再生醫療,"IVD檢驗儀器設備, 檢驗試劑／紙, 生技服務, 生物科技, 體外診斷用醫材",134
3122,笙泉,IC設計,快速充電,"IC設計, MCU",108
3128,昇銳,電子通路,安全監控,"倒車影像系統, 安全監控, 工業電腦, 車用電子",256
3130,一零四,伺服器,其他,"人力資源, 服務業",32
3131,弘塑,IC代工,CoWoS,"半導體化學品, 半導體製程設備, 封測用設備, 設備儀器商",31
3135,凌航,電子通路,,"DRAM模組, FLASH模組, 記憶體模組, 電子零件元件",256
3138,耀登,網通,O-RAN,"天線, 網通設備, 設備儀器商, 量測儀器",92
3141,晶宏,百貨零售,零售,"IC設計, LCD驅動IC, 觸控IC, 馬達IC",30
3147,大綜,電子通路,,"系統整合, 軟體業, 電子通路, 電腦通路商",256
3149,正達,"建材, 營建",,"建材, 汽車內裝, 玻璃, 玻璃基板加工, 車用玻璃, 面板零組件","18, 122"
3150,鈺寶-創,IC設計,,"IC設計, 影音IC, 無線網路IC",108
3152,璟德,被動元件,濾波器,"網通設備, 通訊設備零組件",49
3158,嘉實,傳產其他,,"應用軟體, 系統整合, 軟體業",246
3162,精確,運動休閒,自行車,汽機車零組件,37
3163,波若威,光通訊,,"光纖被動元件, 光通訊",46
3164,景岳,食品,保健食品,"化學工業, 生物科技, 衛生清潔用品, 食品生技",61
3167,大量,"PCB, 半導體設備",AR擴增實境,"PCB相關設備, 印刷電路板相關, 設備儀器商, 雷射鑽孔機、鑽頭","64, 109"
3168,眾福科,面板,顯示器,"LCM, 面板業",91
3169,亞信,IC設計,RFID,"IC設計, IO控制IC, 嵌入式晶片, 網路通訊IC",108
3171,炎洲流通,"化學, 塑膠",,"化學工業, 塑化製品, 塑膠加工, 膠帶","69, 62"
3176,基亞,生技醫療,"新藥, 新藥研發, 防疫","學名藥, 新藥研發, 檢驗試劑／紙, 生物製劑, 西藥製劑, 醫藥產業, 體外診斷用醫材",134
3178,公準,半導體設備,IC-半導體設備,"半導體製程設備, 模具, 機械零組件, 設備儀器商, 面板設備, 飛機零件／製造",109
3188,鑫龍騰,營建,,"地產, 營建",122
3189,景碩,"AI, PCB","ABF, AI人工智慧, IC載板, 指紋辨識","IC基板, 封測服務與材料, 輔助與彌補用醫材, 隱形眼鏡","40, 64"
3191,雲嘉南,"塑膠, 被動元件, 電源供應器","變壓器, 變壓器與UPS","變壓器, 電子零件元件","62, 49, 35"
3205,佰研,"生技醫療, 食品","保健食品, 新藥","保健食品, 流通業, 生物科技, 食品加工, 食品生技, 食品飲料相關通路","134, 61"
3206,志豐,傳產其他,聲學元件,"受話器, 耳機, 電聲產品, 麥克風",246
3207,耀勝,被動元件,"變壓器, 電感","被動元件, 變壓器, 車用電子, 電子零件元件, 電感",49
3209,全科,電子通路,IC-通路,"IC設計, IC零組件通路商, 光通訊IC, 無線網路IC, 網路通訊IC, 電子通路, 類比IC",256
3211,順達,電源供應器,"BBU, GB200, 二次電池, 氫燃料電池","工業用電池, 消費用電池, 資產股, 電池",35
3213,茂訊,電子通路,,"強固電腦, 筆記型電腦製造, 電子通路, 電腦系統業, 電腦通路商",256
3217,優群,連接器,連接器,"連接器, 電子零件元件",41
3218,大學光,生技醫療,視力保健,"醫療服務, 醫療管理服務",134
3219,倚強科,半導體設備,,設備儀器商,109
3221,台嘉碩,被動元件,"濾波器, 石英元件","振盪器, 濾波器, 石英元件, 被動元件",49
3224,三顧,"生技醫療, 電子通路","再生醫療, 生技醫療, 電子元件通路","連接器, 電子元件代理商, 電子通路, 電子零件元件","134, 256"
3226,龍鋒,傳產其他,,"汽機車零組件, 車燈",246
3227,原相,IC設計,"AR擴增實境, 任天堂Switch, 自動駕駛","CMOS晶片, IC設計, 感測元件",108
3228,金麗科,AI,HPC,"ASIC, IC設計, MCU, 嵌入式晶片, 網路通訊IC",40
3229,晟鈦,PCB,PCB-製造,"PCB材料, 印刷電路板, 印刷電路板相關",64
3230,錦明,電子通路,機殼,"模具沖壓, 電子零件元件",256
3231,緯創,AI,"AI人工智慧, FANG, Oracle甲骨文, 筆記型電腦","AI伺服器, 伺服器, 筆記型電腦製造, 電子製造服務, 電腦系統業",40
3232,昱捷,電子通路,IC-通路,"IC設計, IC零組件通路商, LCD驅動IC, 分離式元件, 電子通路",256
3234,光環,光通訊,光通訊,"IC製造, 光纖主動元件, 光通訊, 光通訊元件磊晶",46
3236,千如,被動元件,電感,"被動元件, 電感",49
3252,海灣,觀光,,"旅宿／餐飲, 飯店",54
3257,虹冠電,IC設計,,"IC設計, 二極體, 分離式元件, 電晶體, 電源管理IC",108
3259,鑫創,IC設計,,"FLASH記憶體IC, IC設計, MEMS, 其他IC, 影音IC, 記憶卡IC",108
3260,威剛,記憶體,"DRAM銷售, 記憶體","DRAM模組, FLASH模組, 硬碟相關, 記憶體模組, 週邊產品, 電子零件元件, 電競週邊",27
3264,欣銓,封測,"IC-封測, 指紋辨識","IC封裝測試, IC測試",26
3265,台星科,IC設計,,"IC封裝, IC封裝測試, IC測試",108
3266,昇陽,營建,,"地產, 營建",122
3268,海德威,IC設計,,"IC設計, IC設計軟體, 其他IC",108
3272,東碩,傳產其他,電腦周邊,週邊產品,246
3276,宇環,PCB,,"印刷電路板, 印刷電路板相關",64
3284,太普高,傳產其他,,"傳產其他, 印刷業",246
3285,微端,"電子通路, 面板",,"LCM, 電子零件元件, 面板業, 音響設備及零件","256, 91"
3287,廣寰科,傳產其他,電腦周邊,"滑鼠, 耳機, 週邊產品, 鍵盤, 電競週邊, 電聲產品",246
3288,點晶,IC設計,,"IC設計, LED驅動IC, 類比IC, 馬達IC",108
3289,宜特,半導體設備,IC-其他,"檢測驗證服務, 設備儀器商",109
3290,東浦,"塑膠, 電子通路",,"塑膠射出, 機殼, 電子零件元件","62, 256"
3293,鈊象,傳產其他,"宅經濟, 文創, 線上遊戲, 遊戲","PC遊戲, 手機遊戲, 遊戲產業",246
3294,英濟,"塑膠, 電子通路",,"塑膠射出, 機殼, 電子零件元件","62, 256"
3296,勝德,"電子通路, 電源供應器",,"電子零件元件, 電源供應器","256, 35"
3297,杭特,生技醫療,"安全監控, 智慧醫療","安全監控, 工業電腦",134
3303,岱稜,電子通路,其他,電子其他,256
3305,昇貿,PCB,PCB材料,"PCB材料, 印刷電路板相關, 封測服務與材料, 金、錫凸塊",64
3306,鼎天,網通,無人機,"網通設備, 衛星導航",92
3308,聯德,"電子通路, 電源供應器",,"電子零件元件, 電源供應器","256, 35"
3310,佳穎,電子通路,,"模具沖壓, 車用沖壓件, 車用金屬成型, 電子零件元件",256
3311,閎暉,傳產其他,,"汽機車零組件, 穿戴式裝置",246
3312,弘憶股,電子通路,IC-通路,"IC零組件通路商, 電子通路",256
3313,斐成,營建,,"住宅建設, 地產, 建材, 營建, 營造工程",122
3317,尼克森,傳產其他,功率半導體,"分離式元件, 電晶體",246
3321,同泰,面板,Mini LED,"印刷電路板相關, 軟板",91
3322,建舜電,"連接器, 電子通路",,"連接器, 連接線材, 電子零件元件","41, 256"
3323,加百裕,蘋果供應鏈,"Airpods, NB與手機零組件, 氫燃料電池","工業用電池, 消費用電池, 電池",29
3324,雙鴻,散熱,"散熱模組, 散熱零組件, 比特幣挖礦, 電競","伺服器用散熱模組, 散熱模組, 筆記型電腦用散熱模組",16
3325,旭品,電子通路,機殼,"機殼, 電子零件元件",256
3332,幸康,"電子通路, 電源供應器",,"電子零件元件, 電源供應器","256, 35"
3338,泰碩,散熱,"散熱模組, 散熱零組件","伺服器用散熱模組, 散熱模組, 筆記型電腦用散熱模組",16
3339,泰谷,面板,,"LED, LED晶粒, LED磊晶",91
3346,麗清,面板,,"LED, LED封裝",91
3349,寶德,傳產其他,電腦周邊,"滑鼠, 耳機, 週邊產品, 鍵盤, 電競週邊, 電聲產品",246
3354,律勝,PCB,,"印刷電路板相關, 軟板基板",64
3356,奇偶,科技其他,安全監控,"安全監控, 工業電腦",36
3357,臺慶科,被動元件,電感,"被動元件, 變壓器, 電子零件元件, 電感",49
3360,尚立,"IC設計, 電子通路",,"IC零組件通路商, 影像感測元件, 數位相機, 電子通路","108, 256"
3362,先進光,光通訊,光學鏡片,"光學元件, 光學鏡片／頭",46
3363,上詮,光通訊,光通訊,"光纖被動元件, 光通訊",46
3372,典範,封測,IC-封測,"IC封裝, IC封裝測試, IC測試",26
3373,熱映,生技醫療,醫療器材耗材,"儀表, 產業機械, 設備儀器商, 診斷與監測用醫材, 量測儀器, 體溫計",134
3374,精材,IC代工,"CoWoS, 指紋辨識","IC封裝, IC封裝測試, IC測試",31
3376,新日興,蘋果供應鏈,"Airpods, 折疊機","樞紐, 模具沖壓, 電子零件元件",29
3379,彬台,"機械, 食品",,"烘焙及食品飲料機械, 產業機械","93, 61"
3380,明泰,網通,"O-RAN, 網通, 遠距教學","區域網路, 無線網路設備系統(WLAN), 網通設備",92
3388,崇越電,化學,,"化學工業, 化學產品通路",69
3390,旭軟,PCB,,"印刷電路板相關, 軟板",64
3402,漢科,"半導體設備, 電子通路",,"半導體製程設備, 廠務工程, 設備儀器商, 電子其他","109, 256"
3406,玉晶光,光通訊,光學鏡片,"LED, LED照明產品, 光學元件, 光學鏡片／頭",46
3413,京鼎,半導體設備,IC-半導體設備,"半導體製程設備, 設備儀器商",109
3416,融程電,科技其他,,工業電腦,36
3419,譁裕,"光通訊, 網通",RFID,"光纖被動元件, 光通訊, 天線, 網通設備","46, 92"
3426,台興,電子通路,,"電力設備, 電子元件代理商, 電子通路, 電氣零件與設備",256
3430,奇鈦科,化學,,"其他化工產品, 化學工業",69
3432,台端,"連接器, 電子通路",,"車輛整車, 連接器, 電動機車, 電子零件元件","41, 256"
3434,哲固,面板,,"安全監控, 工業電腦, 顯示器",91
3437,榮創,面板,Micro LED,"LED, LED封裝",91
3438,類比科,IC設計,,"IC設計, MCU, 電源管理IC",108
3441,聯一光,光通訊,,"傳產其他, 光學, 光學元件, 光學鏡片／頭",46
3443,創意,"AI, 記憶體","AI人工智慧, ASIC, ChatGPT, HBM, HPC, IP/ASIC, TPU, 矽智財IP","ASIC, IC設計, 設計IP","40, 27"
3444,利機,"半導體設備, 電子通路",,"半導體材料通路商, 電子元件代理商, 電子通路","109, 256"
3447,展達,"網通, 電子通路",,"接取設備, 消費性電子產品, 物聯網裝置, 網通設備, 視訊轉換相關","92, 256"
3450,聯鈞,光通訊,光通訊,"IC封裝, IC封裝測試, IC測試",46
3454,晶睿,生技醫療,"安全監控, 智慧醫療","安全監控, 工業電腦",134
3455,由田,生技醫療,"折疊機, 長照","IC檢測設備, PCB相關設備, 半導體製程設備, 設備儀器商, 面板設備",134
3465,進泰電子,電子通路,,"電子零件元件, 音響設備及零件",256
3466,德晉,電子通路,,"消費性電子產品, 視訊轉換相關",256
3467,台灣精材,"半導體設備, 被動元件",IC-其他,"半導體製程設備, 石英元件, 被動元件, 設備儀器商","109, 49"
3479,安勤,科技其他,,工業電腦,36
3481,群創,"封測, 面板","FOPLP扇出型封裝, LCD-TFT面板, Micro LED, Mini LED, 顯示器","OLED, TFT-LCD, 中小尺吋面板, 觸控面板, 面板業","26, 91"
3483,力致,散熱,"散熱模組, 散熱零組件","伺服器用散熱模組, 散熱模組, 散熱風扇馬達, 筆記型電腦用散熱模組",16
3484,崧騰,電子通路,Home Depot,"其他電子零件, 電子零件元件",256
3489,森寶,營建,,"住宅建設, 營造工程",122
3490,單井,"傳產其他, 半導體設備",,"LED設備, 半導體製程設備, 太陽能, 太陽能系統運用, 封測用設備, 設備儀器商","246, 109"
3491,昇達科,"網通, 被動元件","濾波器, 衛星/低軌衛星","天線, 網通設備, 通訊設備零組件","92, 49"
3492,長盛,"連接器, 電子通路",,"連接器, 連接線材, 電子零件元件","41, 256"
3494,誠研,傳產其他,電腦周邊,"印表機, 印表機耗材, 週邊產品",246
3498,陽程,機械,,"PCB相關設備, 產業機械, 自動化設備, 設備儀器商, 面板設備",93
3499,環天科,網通,,"網通設備, 衛星導航",92
3501,維熹,電子通路,,"連接線材, 電子零件元件",256
3504,揚明光,"光通訊, 百貨零售","VR虛擬實境, 光學鏡片, 零售","3D印表機, 光學元件, 光學鏡片／頭, 微投影機, 消費性電子產品, 週邊產品","46, 30"
3508,位速,電子通路,,"機殼表面處理, 電子零件元件",256
3511,矽瑪,"連接器, 電子通路",,"連接器, 電子零件元件","41, 256"
3512,皇龍,"散熱, 營建",,"地產, 散熱模組, 營建","16, 122"
3515,華擎,科技其他,"主機板, 電競","主機板, 電腦系統業",36
3516,亞帝歐,"電子通路, 面板",,"LED, LED照明產品, 連接線材, 電子零件元件","256, 91"
3518,柏騰,電子通路,,"機殼表面處理, 電子零件元件",256
3520,華盈,電子通路,,"連接線材, 電子製造服務, 電子零件元件, 電腦系統業",256
3521,台鋼建設,營建,,"POS機系統, 地產, 工業電腦, 營建",122
3522,御嵿,"伺服器, 觀光",,"婚宴顧問, 旅宿／餐飲, 服務業, 餐飲","32, 54"
3523,迎輝,面板,LCD-零組件,"光學膜, 面板零組件",91
3526,凡甲,"連接器, 電子通路",寧德時代,"連接器, 電子零件元件","41, 256"
3527,聚積,面板,"Micro LED, Mini LED","IC設計, LED驅動IC, 類比IC",91
3528,安馳,"IC設計, 電子通路",,"IC零組件通路商, 電子通路","108, 256"
3529,力旺,"AI, 塑膠, 蘋果供應鏈","Apple Pay, HPC, IP/ASIC, 矽智財IP","FLASH記憶體IC, IC設計, 嵌入式晶片, 設計IP","40, 62, 29"
3530,晶相光,IC設計,,"CMOS晶片, IC設計",108
3531,先益,面板,,"背光模組, 面板零組件",91
3532,台勝科,IC代工,"晶圓材料, 矽晶圓","IC製造, 矽晶圓",31
3533,嘉澤,電子通路,,"CPU SOCKET, 電子零件元件",256
3535,晶彩科,"半導體設備, 面板",RFID,"設備儀器商, 面板設備","109, 91"
3537,堡達,"被動元件, 電子通路",,"被動元件, 電子元件代理商, 電子通路, 電容, 電感, 電阻","49, 256"
3540,曜越,"散熱, 電子通路, 電源供應器","電競, 電腦周邊","散熱模組, 機殼, 電子零件元件, 電源供應器","16, 256, 35"
3541,西柏,電子通路,,"消費性電子產品, 視訊轉換相關",256
3543,州巧,面板,LCD-TFT面板,"家居用品, 模具沖壓, 電子零件元件",91
3545,敦泰,IC設計,,"IC設計, LCD驅動IC, 手機零組件, 手機面板驅動IC, 生物辨識IC, 觸控IC",108
3546,宇峻,傳產其他,"宅經濟, 線上遊戲","PC遊戲, 手機遊戲, 遊戲產業",246
3548,兆利,電子通路,折疊機,"樞紐, 電子零件元件",256
3550,聯穎,電子通路,,"連接線材, 電子零件元件",256
3551,世禾,半導體設備,,"半導體製程設備, 設備儀器商",109
3552,同致,電子通路,自動駕駛,"倒車影像系統, 倒車雷達, 車用電子",256
3555,博士旺,"IC設計, 電子通路",,"IC零組件通路商, 資訊安全, 軟體業, 電子通路","108, 256"
3556,禾瑞亞,IC設計,,"IC設計, 影音IC, 消費性IC, 觸控IC",108
3557,嘉威,傳產其他,,"家居用品, 餐具",246
3558,神準,網通,WiFi 6,"區域網路, 接取設備, 網路交換器, 網通設備",92
3563,牧德,IC設計,,"IC檢測設備, PCB相關設備, 封測用設備, 設備儀器商",108
3564,其陽,網通,,"網通設備, 資安設備",92
3567,逸昌,IC設計,,"IC封裝測試, IC測試",108
3570,大塚,電子通路,,"套裝軟體, 系統整合, 軟體業, 軟體通路／代理",256
3576,聯合再生,傳產其他,"太陽能, 氣候變遷","太陽能, 太陽能系統運用, 太陽能電池, 太陽能電池模組",246
3577,泓格,科技其他,工業電腦,工業電腦,36
3580,友威科,封測,FOPLP扇出型封裝,"半導體製程設備, 設備儀器商",26
3581,博磊,"半導體設備, 封測",,"封測服務與材料, 封測用設備, 設備儀器商","109, 26"
3583,辛耘,"IC代工, 半導體設備, 建材","CoWoS, IC-半導體設備, 玻璃基板 E-Core Sys.","IC製造, 半導體製程設備, 矽晶圓, 設備儀器商","31, 109, 18"
3587,閎康,半導體設備,IC-其他,"檢測驗證服務, 設備儀器商",109
3588,通嘉,IC設計,快速充電,"IC設計, LED驅動IC, 電源管理IC",108
3591,艾笛森,面板,,"LED, LED封裝, LED照明產品",91
3592,瑞鼎,IC設計,,"IC設計, LCD驅動IC, 手機零組件, 手機面板驅動IC",108
3593,力銘,"塑膠, 電子通路",,"塑膠射出, 機殼, 電子零件元件","62, 256"
3594,磐儀,科技其他,,工業電腦,36
3596,智易,網通,"O-RAN, WiFi 6, 居家辦公(WFH)","4G通訊設備, 5G通訊設備, 消費性電子產品, 無線網路設備系統(WLAN), 網通設備, 視訊轉換相關",92
3597,映興,電子通路,,"連接線材, 電子元件代理商, 電子通路, 電子零件元件",256
3605,宏致,"連接器, 電子通路",自動駕駛,"其他電子零件, 連接器, 連接線材, 電子零件元件","41, 256"
3607,谷崧,"塑膠, 電子通路",,"塑膠射出, 機殼, 電子零件元件","62, 256"
3609,三一東林,被動元件,變壓器,"其他電子零件, 汽車服務相關, 汽車銷售, 電子零件元件",49
3611,鼎翰,傳產其他,"RFID, 工業電腦","印表機, 印表機耗材, 週邊產品",246
3615,安可,面板,LCD-STN面板,"導電玻璃, 面板零組件",91
3617,碩天,"塑膠, 電源供應器",變壓器與UPS,"UPS, 週邊產品, 電子零件元件","62, 35"
3622,洋華,面板,LCD-STN面板,"觸控面板, 電線電纜, 電纜連接件及配件, 面板業",91
3623,富晶通,面板,LCD-STN面板,"觸控面板, 面板業",91
3624,光頡,被動元件,"電感, 電阻","晶片電阻, 被動元件, 電阻",49
3625,西勝,傳產其他,"GB200, NB與手機零組件, 氫燃料電池","工業用電池, 消費用電池, 電池",246
3628,盈正,"塑膠, 電源供應器",變壓器與UPS,"UPS, 配電工程, 電力設備, 電子零件元件","62, 35"
3629,地心引力,傳產其他,,"傳播事業, 行銷",246
3630,新鉅科,光通訊,光學鏡片,"光學元件, 光學鏡片／頭",46
3631,晟楠,PCB,PCB材料,"封測服務與材料, 金、錫凸塊",64
3632,研勤,"觀光, 電子通路",,"旅宿／餐飲, 行車紀錄器, 車用電子, 餐飲","54, 256"
3645,達邁,PCB,PCB材料,"印刷電路板相關, 軟板PI",64
3646,艾恩特,"連接器, 電子通路",,"連接器, 連接線材, 電子零件元件","41, 256"
3652,精聯,科技其他,,"工業電腦, 掌上型工業電腦, 條碼掃描器, 自動資料收集產品",36
3653,健策,散熱,"功率半導體, 散熱零組件","其他散熱零件, 封測服務與材料, 導線架, 散熱模組",16
3661,世芯-KY,AI,"ASIC, HPC, IP/ASIC, 矽智財IP","ASIC, IC設計, 設計IP",40
3663,鑫科,封測,FOPLP扇出型封裝,"傳產其他, 半導體化學品, 回收焚化／掩埋清運",26
3664,安瑞-KY,網通,,"系統整合, 網通設備, 資安設備, 資訊安全, 軟體業",92
3665,貿聯-KY,"連接器, 電子通路, 電機電纜",,"連接器, 連接線材, 電子線, 電子零件元件, 電線電纜","41, 256, 32"
3666,光耀,"光通訊, 面板",,"光學膜, 面板零組件","46, 91"
3669,圓展,電子通路,,"消費性電子產品, 視訊會議產品",256
3672,康聯訊,光通訊,,"光纖設備, 光通訊",46
3673,TPK-KY,面板,顯示器,"導電玻璃, 觸控面板, 面板業, 面板零組件",91
3675,德微,記憶體,"IC-製造, 功率半導體","IC製造, 二極體, 分離式元件, 矽晶圓, 電晶體",27
3679,新至陞,"塑膠, 電子通路",,"塑膠射出, 機殼, 電子零件元件","62, 256"
3680,家登,"IC代工, 半導體設備","CoWoS, IC-半導體設備","半導體製程設備, 設備儀器商","31, 109"
3684,榮昌,"網通, 電子通路",,"無線網路設備系統(WLAN), 網通設備, 連接線材, 電子零件元件","92, 256"
3685,元創精密,傳產其他,,汽機車零組件,246
3686,達能,"IC設計, 傳產其他, 電子通路",太陽能,"IC零組件通路商, 太陽能, 太陽能系統運用, 電子通路","108, 246, 256"
3687,歐買尬,"塑膠, 蘋果供應鏈","Apple Pay, 宅經濟, 線上遊戲","PC遊戲, 手機遊戲, 文化創意產業, 軟體業, 遊戲產業, 電子支付","62, 29"
3689,湧德,"連接器, 電子通路",,"連接器, 電子零件元件","41, 256"
3691,碩禾,傳產其他,太陽能,"太陽能, 太陽能導電漿",246
3693,營邦,電子通路,,"伺服器機殼, 準系統, 電子零件元件, 電腦系統業",256
3694,海華,"光通訊, 網通",,"光學元件, 光學鏡片／頭, 網通設備, 通訊設備零組件","46, 92"
3701,大眾控,電子通路,EMS,"工業電腦, 平板電腦, 控股公司, 消費性電子產品, 車用電子, 電子製造服務, 電腦系統業",256
3702,大聯大,"IC設計, 電子通路",,"IC零組件通路商, 控股公司, 電子通路","108, 256"
3703,欣陸,營建,,"住宅建設, 地產, 基礎建設, 控股公司, 營建, 營造工程, 環保工程",122
3704,合勤控,"光通訊, 網通",,"光纖設備, 光通訊, 區域網路, 接取設備, 控股公司, 無線網路設備系統(WLAN), 網通設備, 電信設備","46, 92"
3705,永信,生技醫療,"寵物, 製藥業","動物用藥, 學名藥, 控股公司, 生物科技, 西藥製劑, 醫藥產業, 食品生技",134
3706,神達,"網通, 電子通路","EMS, Oracle甲骨文","AI伺服器, 伺服器, 工業電腦, 控股公司, 網通設備, 行車紀錄器, 衛星導航, 車用電子, 電腦系統業","92, 256"
3707,漢磊,"IC代工, IC設計","晶圓材料, 次世代半導體","IC生產, IC製造, 晶圓代工, 磊晶","31, 108"
3708,上緯投控,化學,綠能環保,"傳產其他, 化學工業, 合成樹脂, 複合材料",69
3709,鑫聯大投控,電子通路,,"控股公司, 電子通路, 電腦通路商",256
3710,連展投控,"光通訊, 網通, 連接器, 電子通路",,"光纖主動元件, 光纖被動元件, 光通訊, 天線, 控股公司, 網通設備, 車用充電相關, 連接器, 連接線材, 電力設備, 電子零件元件","46, 92, 41, 256"
3711,日月光投控,"AI, IC代工, 封測","AI PC, CoWoS, FOPLP扇出型封裝","IC封裝, IC封裝測試, IC測試, 電子製造服務, 電腦系統業","40, 31, 26"
3712,永崴投控,傳產其他,綠能環保,控股公司,246
3713,新晶投控,傳產其他,,"太陽能, 太陽能發電, 太陽能系統運用, 太陽能電池模組, 電力",246
3714,富采,面板,"IC-其他, 次世代半導體","LED, LED封裝, LED晶粒, LED照明產品, LED磊晶, 控股公司",91
3715,定穎投控,PCB,,"印刷電路板, 印刷電路板相關, 控股公司",64
3716,中化控股,生技醫療,,"學名藥, 西藥製劑, 醫療器材通路, 醫藥流通, 醫藥產業",134
3717,聯嘉投控,面板,,"LED, LED封裝",91
4102,永日,生技醫療,原料藥,"原料藥, 生技特用化學品, 生物科技, 醫藥產業",134
4104,佳醫,"半導體設備, 生技醫療",醫療儀器設備,"其他醫療器材, 手術與治療用醫材, 洗腎器具, 醫療器材通路, 醫療服務, 醫療管理服務, 醫療耗材, 醫藥流通","109, 134"
4105,東洋,生技醫療,"新藥, 製藥業","學名藥, 西藥製劑, 醫藥產業",134
4106,雃博,半導體設備,,"呼吸與麻醉用器具, 手術與治療用醫材, 物理治療器具, 福祉輔助設備, 輔助與彌補用醫材",109
4107,邦特,生技醫療,醫療器材耗材,"其他醫療器材, 手術與治療用醫材, 洗腎器具, 醫療耗材",134
4108,懷特,生技醫療,"新藥, 新藥研發","中藥製劑, 新藥研發, 植物新藥, 生物科技, 醫藥產業, 食品生技",134
4109,加捷生醫,食品,保健食品,"保險經紀, 生物科技, 金融業, 食品生技",61
4111,濟生,生技醫療,製藥業,"學名藥, 西藥製劑, 醫藥產業",134
4113,聯上,營建,,"地產, 營建",122
4114,健喬,生技醫療,製藥業,"學名藥, 生物科技, 西藥製劑, 醫藥流通, 醫藥產業, 食品生技",134
4116,明基醫,生技醫療,智慧醫療,"其他醫療器材, 牙科植入器材, 診斷與監測用醫材, 輔助與彌補用醫材, 醫學影像裝置, 醫用家具, 醫療管理服務, 醫療耗材",134
4119,旭富,生技醫療,原料藥,"原料藥, 醫藥產業",134
4120,友華,"生技醫療, 電子通路",醫藥通路,"學名藥, 生物科技, 西藥製劑, 醫藥流通, 醫藥產業, 食品生技","134, 256"
4121,優盛,生技醫療,醫療器材耗材,"生理檢測器材, 血壓計, 血糖儀, 診斷與監測用醫材, 醫藥流通, 體外診斷用醫材, 體溫計",134
4123,晟德,食品,,"學名藥, 生物科技, 西藥製劑, 醫藥產業, 食品生技",61
4126,太醫,生技醫療,醫療器材耗材,"其他醫療器材, 醫療耗材",134
4127,天良,食品,保健食品,"學名藥, 生物科技, 西藥製劑, 醫藥產業, 食品生技",61
4128,中天,生技醫療,新藥研發,"中藥製劑, 新藥研發, 植物新藥, 生物科技, 醫藥產業, 食品生技",134
4129,聯合,生技醫療,醫療器材耗材,"人造關節, 輔助與彌補用醫材, 骨科類器材",134
4130,健亞,生技醫療,新藥研發,"學名藥, 新藥研發, 西藥製劑, 醫藥產業",134
4131,浩泰,半導體設備,生物檢測,"檢驗試劑／紙, 輔助與彌補用醫材, 隱形眼鏡, 體外診斷用醫材",109
4133,亞諾法,半導體設備,生物檢測,"檢驗試劑／紙, 生物製劑, 醫藥產業, 體外診斷用醫材",109
4137,麗豐-KY,傳產其他,"美容, 醫美保養妝品","時尚產業, 美妝保養品, 美容",246
4138,曜亞,生技醫療,,"動力手術器具, 手術與治療用醫材, 醫療器材通路, 醫藥流通",134
4139,馬光-KY,生技醫療,醫療院所,"醫療服務, 醫療管理服務",134
4142,國光生,生技醫療,防疫,"生物製劑, 醫藥產業",134
4147,中裕,生技醫療,"新藥研發, 生技醫療","新藥研發, 生物製劑, 醫藥產業",134
4148,全宇生技-KY,生技醫療,農業生技,"化學工業, 生物科技, 肥料, 農業生技",134
4153,鈺緯,"生技醫療, 面板",,"LCD顯示器, 智慧醫療技術, 診斷與監測用醫材, 醫學影像裝置, 顯示器, 顯示器零件","134, 91"
4154,樂威科-KY,傳產其他,,"傳產其他, 金屬加工／製品",246
4155,訊映,生技醫療,,"血糖儀, 體外診斷用醫材",134
4157,太景*-KY,生技醫療,新藥研發,"新藥研發, 西藥製劑, 醫藥產業",134
4160,訊聯基因,半導體設備,生物檢測,"智慧醫療技術, 生技服務, 生物科技, 醫療服務, 醫療管理服務",109
4161,聿新科,食品,,"時尚產業, 生物科技, 生理檢測器材, 美妝保養品, 血糖儀, 診斷與監測用醫材, 食品生技, 體外診斷用醫材",61
4162,智擎,生技醫療,新藥研發,"新藥研發, 西藥製劑, 醫藥產業",134
4163,鐿鈦,生技醫療,,"傳產其他, 其他醫療器材, 金屬加工／製品",134
4164,承業醫,"半導體設備, 生技醫療",醫療儀器設備,"醫療器材通路, 醫療服務, 醫療管理服務, 醫藥流通","109, 134"
4166,友霖,生技醫療,,"學名藥, 新藥研發, 西藥製劑, 醫藥產業",134
4167,松瑞藥,生技醫療,原料藥,"原料藥, 西藥製劑, 醫藥產業",134
4168,醣聯,生技醫療,,"新藥研發, 生物製劑, 醫藥產業, 醫藥研發外包服務",134
4171,瑞基,半導體設備,生物檢測,"檢驗試劑／紙, 生物科技, 農業生技, 體外診斷用醫材",109
4173,久裕,"生技醫療, 電子通路",醫藥通路,醫藥流通,"134, 256"
4174,浩鼎,生技醫療,,"新藥研發, 生物製劑, 醫藥產業",134
4175,杏一,"生技醫療, 電子通路",醫藥通路,"醫療器材通路, 醫藥流通","134, 256"
4183,福永生技,生技醫療,,"血糖儀, 體外診斷用醫材",134
4188,安克,生技醫療,,智慧醫療技術,134
4190,佐登-KY,傳產其他,"美容, 醫美保養妝品","時尚產業, 美妝保養品, 美容",246
4192,杏國,食品,,"新藥研發, 植物新藥, 生物科技, 醫藥產業, 食品生技",61
4198,欣大健康,生技醫療,,"診斷與監測用醫材, 醫學影像裝置",134
4205,中華食,食品,,食品加工,61
4207,環泰,食品,,"大宗物資, 製糖, 食品加工, 食品添加劑",61
4303,信立,塑膠,,"塑化製品, 塑膠皮布",62
4304,勝昱,"化學, 塑膠, 電子通路",,"其他電子零件, 化學工業, 塑化製品, 塑膠加工, 膠帶, 電子零件元件","69, 62, 256"
4305,世坤,塑膠,,"塑化製品, 塑膠皮布",62
4306,炎洲,"化學, 塑膠",,"化學工業, 塑化製品, 塑膠加工, 膠帶","69, 62"
4401,東隆興,"化學, 紡織",NIKE,"化學纖維, 尼龍絲, 紡紗, 聚酯紗","69, 59"
4402,郡都開發,傳產其他,,"太陽能, 太陽能系統運用, 織布業",246
4406,新昕纖,"化學, 紡織",,"化學纖維, 聚酯加工絲","69, 59"
4413,飛寶企業,紡織,,"成衣, 成衣製造, 織布業",59
4414,如興,紡織,,"成衣, 成衣製造",59
4416,三圓,營建,,"地產, 營建, 物業投資發展",122
4417,金洲,紡織,,"工業紡織品, 魚網",59
4419,皇家美食,觀光,,"旅宿／餐飲, 餐飲",54
4420,光明,"化學, 紡織",,"化學纖維, 聚酯加工絲","69, 59"
4426,利勤,紡織,東協,"傳產其他, 織布業, 鞋材",59
4430,耀億,"化學, 紡織",,"化學纖維, 尼龍絲","69, 59"
4432,銘旺實,紡織,,"成衣, 成衣製造",59
4433,興采,紡織,,"成衣, 成衣製造, 織布業",59
4438,廣越,紡織,NIKE,"成衣, 成衣製造, 紡紗, 羽絨加工",59
4439,冠星-KY,紡織,,織布業,59
4440,宜新實業,"化學, 紡織",,"加工絲, 化學纖維, 紡紗, 聚酯紗","69, 59"
4441,振大環球,紡織,,"成衣, 成衣製造",59
4442,竣邦-KY,紡織,,織布業,59
4502,健信,傳產其他,,"汽機車零組件, 輪圈",246
4503,金雨,面板,顯示器,"POS機系統, 工業電腦, 自動販賣機, 車用充電相關, 電力設備",91
4506,崇友,營建,,"建材, 電梯",122
4510,高鋒,機械,,"工具機, 銑床, 龍門機",93
4513,福裕,機械,,"工具機, 磨床, 車床, 龍門機",93
4523,永彰,機械,,"汽機車零組件, 汽車內裝, 汽車空調, 車用冷卻系統, 電力設備, 電機, 電氣開關設備",93
4526,東台,機械,,"印刷電路板相關, 工具機, 工具機主軸, 車床, 雷射鑽孔機、鑽頭",93
4527,方土霖,機械,,"產業機械, 空調製冷",93
4528,江興鍛,電動車,,"傳動系統, 懸吊系統, 木床／車架, 汽機車零組件, 車用金屬成型, 車用鍛件",54
4529,淳紳,"傳產其他, 電動車",,"太陽能發電, 汽車製造, 車輛整車, 電力, 電動車","246, 54"
4530,宏易,觀光,,"安全氣囊, 旅宿／餐飲, 汽車內裝, 餐飲",54
4532,瑞智,機械,,"壓縮機, 產業機械",93
4533,協易機,機械,,"工具機, 沖床",93
4534,慶騰,傳產其他,,"傳產其他, 金屬加工／製品",246
4535,至興,電動車,,"汽機車零組件, 汽車內裝, 汽車座椅",54
4536,拓凱,運動休閒,運動休閒,"傳產其他, 碳纖維, 航天軍工, 運動產業, 運動用品",37
4538,大詠城,機械,,機械零組件,93
4540,全球傳動,機械,,"機械零組件, 滑軌",93
4541,晟田,半導體設備,,"半導體製程設備, 機械零組件, 航天軍工, 設備儀器商, 飛機零件／製造",109
4542,科嶠,半導體設備,,"PCB相關設備, 半導體製程設備, 設備儀器商",109
4543,萬在,電動車,,"汽機車零組件, 汽車內裝, 汽車空調, 車用冷卻系統",54
4545,銘鈺,"機械, 電子通路",,"其他電子零件, 模具沖壓, 產業機械, 自動化設備, 電子零件元件","93, 256"
4549,桓達,機械,,"產業機械, 自動化設備",93
4550,長佳,運動休閒,,"休閒娛樂, 俱樂部, 水電消防工程, 營造工程, 配電工程, 電力設備",37
4551,智伸科,機械,,"傳產其他, 汽機車零組件, 產業機械, 自行車零件, 金屬加工／製品",93
4552,力達-KY,機械,,"壓縮機, 產業機械",93
4554,橙的,電子通路,,"胎壓監測系統, 車用電子",256
4555,氣立,機械,,"機械零組件, 氣動元件",93
4556,旭然,半導體設備,,"水資源, 水資源設備／耗材",109
4557,永新-KY,傳產其他,,"剎車系統, 汽機車零組件",246
4558,寶緯,營建,,"建材, 金屬建材, 鋁擠型, 非鐵金屬",122
4560,強信-KY,機械,,"工業用縫紉機, 產業機械",93
4561,健椿,機械,,"工具機, 工具機主軸",93
4562,穎漢,機械,智慧型機器人/機械手臂,"工具機, 機器人, 機器手臂",93
4563,百德,機械,,工具機,93
4564,元翎,電動車,,"傳產其他, 安全氣囊, 汽車內裝, 金屬加工／製品",54
4566,時碩工業,傳產其他,,"傳產其他, 汽機車零組件, 金屬加工／製品",246
4568,科際精密,機械,,"家電, 家電零組件, 幫浦, 產業機械",93
4569,六方科-KY,傳產其他,,"傳產其他, 汽機車零組件, 金屬加工／製品",246
4571,鈞興-KY,機械,,機械零組件,93
4572,駐龍,機械,,"機械零組件, 航天機械零組件, 航天軍工, 飛機零件／製造",93
4576,大銀微系統,機械,,"機械零組件, 氣動元件",93
4577,達航科技,電子通路,,"PCB相關設備, 印刷電路板相關, 設備儀器商, 雷射鑽孔機、鑽頭, 電子製造服務, 電腦系統業",256
4580,捷流閥業,機械,,"工業閥門, 機械零組件",93
4581,光隆精密-KY,電動車,,"傳動系統, 剎車系統, 引擎相關, 汽機車零組件, 車用排氣系統, 車用金屬成型, 車用鑄件",54
4583,台灣精銳,機械,,"機械零組件, 減速機",93
4584,君帆,機械,,"機械零組件, 液壓元件",93
4585,達明,傳產其他,,"協作機器人, 機器人, 機器手臂",246
4588,玖鼎電力,機械,,"儀表, 智慧電網相關, 產業機械, 電力設備",93
4590,富田-創,機械,,"工業馬達, 產業機械",93
4609,唐鋒,傳產其他,,"家電, 小家電",246
4702,中美實,"化學, 百貨零售",,"化學工業, 染料，顏料, 汽車服務相關, 汽車銷售, 流通業, 貿易","69, 30"
4706,大恭,化學,,"化學工業, 染料，顏料",69
4707,磐亞,化學,,"其他化工產品, 化學工業, 衛生清潔用品",69
4711,永純,化學,,"化學工業, 合成樹脂",69
4714,永捷,化學,,"PU樹脂, 化學工業",69
4716,大立,化學,,"化學工業, 合成樹脂",69
4720,德淵,化學,,"化學工業, 熱熔膠",69
4721,美琪瑪,化學,寧德時代,"其他化工產品, 化學工業, 化學產品通路, 正極材料, 電池材料相關",69
4722,國精化,化學,,"化學工業, 合成樹脂",69
4726,永昕,生技醫療,生技醫療,"醫藥產業, 醫藥研發外包服務",134
4728,雙美,生技醫療,"美容, 醫美保養妝品","生技特用化學品, 生物科技, 輔助與彌補用醫材, 醫用植入材料",134
4729,熒茂,面板,,"觸控面板, 面板業",91
4735,豪展,生技醫療,,"其他醫療器材, 血壓計, 診斷與監測用醫材, 體溫計",134
4736,泰博,生技醫療,智慧醫療,"檢驗試劑／紙, 生理監測裝置, 血糖儀, 診斷與監測用醫材, 體外診斷用醫材, 體溫計",134
4737,華廣,生技醫療,,"血糖儀, 體外診斷用醫材",134
4739,康普,化學,寧德時代,"其他化工產品, 化學工業, 強酸產品, 正極材料, 電池材料相關",69
4741,泓瀚,化學,,"化學工業, 染料，顏料",69
4743,合一,生技醫療,,"新藥研發, 植物新藥, 醫藥產業",134
4744,皇將,"機械, 生技醫療",,"產業機械, 醫療保健設備／裝置","93, 134"
4745,合富-KY,"半導體設備, 生技醫療",醫療儀器設備,"IVD檢驗儀器設備, 手術與治療用醫材, 放射治療設備, 檢驗試劑／紙, 醫療器材通路, 醫藥流通, 體外診斷用醫材","109, 134"
4746,台耀,生技醫療,原料藥,"原料藥, 醫藥產業",134
4747,強生,生技醫療,,"學名藥, 西藥製劑, 醫藥產業",134
4749,新應材,半導體設備,,"光阻劑, 半導體化學品",109
4754,國碳科,化學,,"傳產其他, 化學工業, 塗料, 耐火材料",69
4755,三福化,"化學, 半導體設備",,"其他化工產品, 化學工業, 半導體化學品, 研磨液／墊","69, 109"
4760,勤凱,"傳產其他, 被動元件",,"太陽能, 太陽能導電漿, 被動元件, 被動元件上游","246, 49"
4763,材料*-KY,化學,美容,"化學纖維, 半合成纖維",69
4764,雙鍵,化學,,"其他化工產品, 化學工業, 合成樹脂",69
4766,南寶,化學,,"其他化工產品, 化學工業, 合成樹脂, 塗料, 熱熔膠",69
4767,誠泰科技,化學,,"化學工業, 熱熔膠",69
4768,晶呈科技,化學,,"化學工業, 工業氣體",69
4770,上品,化學,,"傳產其他, 化學工業, 合成樹脂, 金屬加工／製品",69
4771,望隼,傳產其他,,"輔助與彌補用醫材, 隱形眼鏡",246
4772,台特化,化學,,"化學工業, 工業氣體",69
4804,大略-KY,觀光,,"旅宿／餐飲, 飯店",54
4806,桂田文創,傳產其他,文創娛樂,"傳播事業, 影音娛樂, 演出經紀",246
4807,日成-KY,傳產其他,,"時尚產業, 珠寶",246
4903,聯光通,光通訊,,"光纖光纜, 光通訊",46
4904,遠傳,電信服務,電信服務,"低軌道衛星, 網通設備, 行動通訊, 通訊服務, 電信／數據服務",3
4905,台聯電,網通,通訊設備,"其他化工產品, 其他醫療器材, 化學工業, 接取設備, 網通設備, 醫療耗材",92
4906,正文,網通,"WiFi 6, 網通","無線網路設備系統(WLAN), 網通設備",92
4907,富宇,營建,,"園林造景, 地產, 營建, 營造工程",122
4908,前鼎,網通,通訊設備,"光纖主動元件, 光通訊",92
4909,新復興,網通,衛星/低軌衛星,"印刷電路板, 印刷電路板相關",92
4911,德英,食品,,"新藥研發, 植物新藥, 生物科技, 醫藥產業, 食品生技",61
4912,聯德控股-KY,電子通路,,"模具沖壓, 車用沖壓件, 車用金屬成型, 電子零件元件",256
4915,致伸,蘋果供應鏈,"Airpods, 智慧音箱","車用電子, 週邊產品, 電競週邊, 電聲產品",29
4916,事欣科,網通,"無人機, 軍工/國防","博奕機台, 工業電腦, 航天機械零組件, 航天軍工",92
4919,新唐,"IC代工, IC設計",指紋辨識,"CMOS晶片, IC生產, IC製造, IC設計, IO控制IC, MCU, PC週邊IC, 影音IC, 晶圓代工, 消費性IC, 類比IC","31, 108"
4923,力士,傳產其他,,"分離式元件, 電晶體",246
4924,欣厚-KY,"塑膠, 生技醫療, 電子通路",,"塑膠射出, 環保生技, 生物科技, 電子零件元件","62, 134, 256"
4927,泰鼎-KY,PCB,,"印刷電路板, 印刷電路板相關",64
4930,燦星網,傳產其他,,"家電, 小家電",246
4931,新盛力,電源供應器,"BBU, GB200, 其他","工業用電池, 車用鋰電池, 電池",35
4933,友輝,"光通訊, 面板",,"光學膜, 面板零組件","46, 91"
4934,太極,傳產其他,太陽能,"太陽能, 太陽能電池, 太陽能電池模組",246
4935,茂林-KY,電子通路,,"模具沖壓, 電子零件元件, 面板零組件",256
4938,和碩,"網通, 電子通路","AR擴增實境, EMS","AI伺服器, 主機板, 伺服器, 平板電腦, 手機, 手機製造, 桌上型電腦, 消費性電子產品, 穿戴式裝置, 筆記型電腦製造, 網通設備, 視訊轉換相關, 車用電子, 遊戲機, 遊戲產業, 電子製造服務, 電腦系統業","92, 256"
4939,亞電,PCB,,"印刷電路板相關, 軟板基板",64
4942,嘉彰,電子通路,,"模具沖壓, 電子零件元件",256
4943,康控-KY,傳產其他,聲學元件,"控股公司, 汽機車零組件, 電聲產品",246
4946,辣椒,傳產其他,"宅經濟, 線上遊戲","PC遊戲, 手機遊戲, 遊戲產業",246
4949,有成精密,"傳產其他, 半導體設備",,"半導體製程設備, 太陽能, 太陽能電池模組, 設備儀器商","246, 109"
4950,金耘國際,鋼鐵,,"不鏽鋼, 合金鋼, 特殊鋼",41
4951,精拓科,IC設計,,"IC設計, IO控制IC, PC週邊IC, 嵌入式晶片, 消費性IC, 類比IC",108
4952,凌通,"IC設計, 電子通路",快速充電,"IC設計, LCD控制IC, MCU, 影音IC, 消費性IC, 無線充電, 車用電子, 電子零件元件","108, 256"
4953,緯軟,伺服器,資安,"INTERNET技術與基礎設施, 軟體業, 雲端科技",32
4956,光鋐,面板,Mini LED,"LED, LED晶粒, LED磊晶",91
4958,臻鼎-KY,PCB,IC載板,"ABF載板, BGA基板, 印刷電路板, 印刷電路板相關, 封測服務與材料, 軟板",64
4960,誠美材,面板,顯示器,"偏光板, 面板零組件",91
4961,天鈺,IC設計,,"IC設計, LCD驅動IC, 手機零組件, 手機面板驅動IC, 類比IC",108
4966,譜瑞-KY,AI,AI PC,"DISPLAYPORT, IC設計, LCD控制IC, LCD驅動IC, USB, 傳輸介面, 觸控IC, 高速傳輸介面IC",40
4967,十銓,記憶體,"DRAM銷售, 記憶體","DRAM模組, FLASH模組, 記憶體模組, 電子零件元件",27
4968,立積,網通,"WiFi 6, 任天堂Switch","功率放大器, 射頻前端晶片, 射頻前端模組, 射頻開關",92
4971,IET-KY,"IC代工, 光通訊","晶圓材料, 軍工/國防","IC製造, 光通訊元件磊晶, 砷化鎵相關","31, 46"
4972,湯石照明,面板,照明,"LED, LED照明產品, 家電, 照明",91
4973,廣穎,電子通路,,"DRAM模組, FLASH模組, 記憶體模組, 電子零件元件",256
4974,亞泰,傳產其他,掃描器,"影像感測元件, 數位相機",246
4976,佳凌,網通,無人機,"光學元件, 光學鏡片／頭, 數位相機, 數位相機組裝",92
4977,眾達-KY,光通訊,,"光纖主動元件, 光通訊",46
4979,華星光,光通訊,光通訊,"光纖主動元件, 光通訊",46
4987,科誠,傳產其他,,"印表機, 週邊產品",246
4989,榮科,PCB,銅箔,"印刷電路板相關, 銅箔",64
4991,環宇-KY,IC代工,,"IC製造, 化合物晶圓, 砷化鎵相關",31
4994,傳奇,傳產其他,Fun暑假,"PC遊戲, 手機遊戲, 遊戲產業",246
4995,晶達,面板,LCD-TFT面板,"LCD顯示器, LCM, 面板業, 顯示器",91
4999,鑫禾,電子通路,,"樞紐, 電子零件元件",256
5007,三星,鋼鐵,,"線材盤元, 螺絲螺帽",41
5009,榮剛,鋼鐵,,"不鏽鋼, 合金鋼, 工具鋼, 特殊鋼",41
5011,久陽,鋼鐵,,"線材盤元, 螺絲螺帽",41
5013,強新,鋼鐵,,"不鏽鋼, 不鏽鋼管, 不鏽鋼線材, 線材盤元",41
5014,建錩,鋼鐵,,"不鏽鋼, 不鏽鋼剪裁加工",41
5015,華祺,鋼鐵,,"不鏽鋼, 不鏽鋼緊固件, 不鏽鋼線材",41
5016,松和,傳產其他,,"條鋼, 棒鋼, 線材盤元",246
5201,凱衛,傳產其他,系統整合,"系統整合, 軟體業",246
5202,力新,生技醫療,其他,"套裝軟體, 軟體業, 醫療器材通路, 醫藥流通",134
5203,訊連,伺服器,AR擴增實境,"INTERNET技術與基礎設施, 人臉辨識, 套裝軟體, 應用軟體, 生物辨識相關, 軟體業, 雲端科技",32
5205,中茂,傳產其他,,"傳產其他, 回收焚化／掩埋清運, 水資源, 污水處理",246
5206,坤悅,營建,,"地產, 營建",122
5209,新鼎,伺服器,系統整合,"INTERNET技術與基礎設施, 系統整合, 軟體業, 雲端科技",32
5210,寶碩,傳產其他,,"系統整合, 軟體業",246
5211,蒙恬,傳產其他,其他,"手寫板, 掃瞄器, 虛擬實境, 軟體業, 週邊產品",246
5212,凌網,電子通路,,"消費性電子產品, 系統整合, 軟體業, 電子書閱讀器",256
5213,亞昕,營建,,"地產, 營建",122
5215,科嘉-KY,傳產其他,NB與手機零組件,"週邊產品, 鍵盤",246
5220,萬達光電,面板,,"觸控面板, 面板業",91
5222,全訊,IC代工,,"IC製造, 功率放大器, 射頻前端晶片, 砷化鎵相關",31
5223,安力-KY,電子通路,NB與手機零組件,"模具沖壓, 電子零件元件",256
5225,東科-KY,電子通路,,"電子零件元件, 音響設備及零件",256
5227,立凱-KY,傳產其他,二次電池,"正極材料, 電池材料相關",246
5228,鈺鎧,被動元件,,"被動元件, 電感",49
5230,雷笛克光學,"電子通路, 面板",,"LED, LED照明產品, 模具沖壓, 電子零件元件","256, 91"
5234,達興材料,半導體設備,折疊機,"光阻劑, 半導體化學品",109
5236,凌陽創新,IC設計,,"IC設計, MCU, PC週邊IC, 影音IC",108
5243,乙盛-KY,電子通路,,"模具沖壓, 車用沖壓件, 車用金屬成型, 電子零件元件",256
5244,弘凱,面板,,"LED, LED封裝",91
5245,智晶,面板,"AR擴增實境, LCD-TFT面板, Micro LED","OLED, 面板業",91
5251,天鉞電,科技其他,,"安全監控, 家居用品, 工業電腦, 鎖",36
5258,虹堡,機械,商業自動化,"POS機系統, 工業電腦",93
5263,智崴,傳產其他,其他,"商用遊戲機, 遊戲產業",246
5269,祥碩,IC設計,,"IC設計, USB, 傳輸介面, 高速傳輸介面IC",108
5272,笙科,蘋果供應鏈,Airpods,"IC設計, 無線網路IC",29
5274,信驊,IC設計,,"IC設計, 其他IC, 影音IC",108
5276,達輝-KY,傳產其他,,"傳產其他, 嬰童用品, 機車零組件, 汽機車零組件, 車燈",246
5278,尚凡*,傳產其他,其他,"INTERNET應用與服務, 社群網站與媒體",246
5283,禾聯碩,面板,,"LCD顯示器, 冷氣機, 家電, 顯示器",91
5284,jpp-KY,電子通路,,"模具沖壓, 電子零件元件",256
5285,界霖,封測,IC-導線架,"封測服務與材料, 導線架",26
5287,數字,傳產其他,,"INTERNET應用與服務, 電商平台",246
5288,豐祥-KY,電動車,,"木床／車架, 機車零組件, 汽機車零組件, 車用沖壓件, 車用金屬成型",54
5289,宜鼎,記憶體,DRAM銷售,"DRAM模組, FLASH模組, 硬碟相關, 記憶體模組, 週邊產品, 電子零件元件",27
5291,邑昇,"PCB, 機械",,"印刷電路板, 印刷電路板相關, 產業機械, 自行車零件","64, 93"
5292,華懋,機械,,"污染控制設備, 營造工程, 環保工程, 產業機械",93
5299,杰力,IC代工,IC-代工,"IC設計, 分離式元件, 電晶體, 類比IC",31
5301,寶得利,觀光,,"旅宿／餐飲, 時尚產業, 珠寶, 餐飲",54
5302,太欣,IC設計,,"DSP, IC設計, MCU, 影音IC, 消費性IC",108
5306,桂盟,運動休閒,自行車,"引擎相關, 汽機車零組件, 產業機械, 自行車零件",37
5309,系統電,"塑膠, 電源供應器","BBU, GB200, 變壓器與UPS","UPS, 工業用電池, 胎壓監測系統, 車用鋰電池, 車用電子, 電子零件元件, 電池, 電源供應器","62, 35"
5310,天剛,化學,,"其他化工產品, 化學工業, 手機遊戲, 系統整合, 軟體業, 遊戲產業",69
5312,寶島科,傳產其他,視力保健,"傳產其他, 眼鏡業",246
5314,世紀*,食品,,"INTERNET應用與服務, 保健食品, 營造工程, 航天軍工, 航空器、飛機, 設計裝潢, 電商平台, 食品加工",61
5315,光聯,面板,LCD-STN面板,"LCM, 面板業",91
5321,美而快,紡織,,"INTERNET應用與服務, 成衣, 成衣銷售／零售, 電商平台",59
5324,士開,"營建, 觀光",,"地產, 旅宿／餐飲, 營建, 飯店","122, 54"
5328,華容,電源供應器,電源供應器,"塑膠薄膜電容, 被動元件",35
5340,建榮,PCB,"PCB-材料設備, 銅箔基板","印刷電路板相關, 玻纖布",64
5344,立衛,封測,IC-封測,"IC封裝測試, IC測試",26
5345,馥鴻,半導體設備,其他,"工業用電池, 電力設備, 電氣開關設備, 電池",109
5347,世界,IC代工,"IC-代工, 次世代半導體","IC生產, IC製造, 晶圓代工",31
5348,正能量智能,網通,,"智慧手錶, 穿戴式裝置, 網通設備, 衛星導航",92
5351,鈺創,"百貨零售, 記憶體","AR擴增實境, VR虛擬實境, 記憶體IC設計, 零售","DRAM記憶體IC, IC設計, SRAM記憶體IC, 高速傳輸介面IC","30, 27"
5353,台林,"半導體設備, 網通, 電子通路",,"半導體製程設備, 工業電腦, 網通設備, 設備儀器商, 車用電子","109, 92, 256"
5355,佳總,PCB,,"印刷電路板, 印刷電路板相關",64
5356,協益,電子通路,電腦周邊,"其他電子零件, 週邊產品, 電子零件元件",256
5364,力麗店,"傳產其他, 觀光",,"太陽能, 太陽能電池, 旅宿／餐飲, 消費用電池, 電池, 飯店","246, 54"
5371,中光電,面板,"LCD-零組件, 顯示器","投影機, 背光模組, 面板零組件, 顯示器",91
5381,合正,PCB,"PCB-材料設備, PCB材料, 銅箔基板","PCB材料, 印刷電路板相關, 變電設備, 電力設備",64
5386,青雲,電子通路,主機板,"電子通路, 電腦通路商",256
5388,中磊,網通,"WiFi 6, 網通","區域網路, 接取設備, 無線網路設備系統(WLAN), 網通設備",92
5392,能率,"塑膠, 電子通路",,"其他電子零件, 塑膠射出, 控股公司, 機械零組件, 汽機車零組件, 電子零件元件","62, 256"
5398,慕康生醫,"生技醫療, 食品",,"生物科技, 醫療器材通路, 醫療服務, 醫療管理服務, 醫藥流通, 食品生技","134, 61"
5403,中菲,傳產其他,,"系統整合, 軟體業",246
5410,國眾,電子通路,資訊通路,"企業資源規劃, 傳產其他, 系統整合, 軟體業, 金融機具",256
5425,台半,傳產其他,"寧德時代, 掃描器","二極體, 分離式元件, 印表機, 週邊產品",246
5426,振發,"連接器, 電子通路",機殼,"機殼, 連接器, 電子零件元件","41, 256"
5432,新門,"傳產其他, 面板",,"LCM, PV INVERTER, 太陽能, 面板業","246, 91"
5434,崇越,面板,"Mini LED, 半導體元件","半導體材料通路商, 營造工程, 環保工程, 電子通路",91
5438,東友,電子通路,電腦周邊,"3D印表機, 事務機器, 掃瞄器, 週邊產品, 電子其他",256
5439,高技,PCB,,"印刷電路板, 印刷電路板相關",64
5443,均豪,"IC設計, 半導體設備",,"IC檢測設備, 半導體製程設備, 封測用設備, 設備儀器商, 面板設備","108, 109"
5450,南良,紡織,,紡織中游,59
5452,佶優,"半導體設備, 電子通路",,"ABS, 半導體化學品, 塑化原料, 電子元件代理商, 電子通路","109, 256"
5455,昇益,營建,,"地產, 營建",122
5457,宣德,"連接器, 電子通路",,"連接器, 連接線材, 電子製造服務, 電子零件元件, 電腦系統業","41, 256"
5460,同協,電子通路,,"模具沖壓, 電子零件元件",256
5464,霖宏,PCB,,"印刷電路板, 印刷電路板相關",64
5465,富驊,"電子通路, 電源供應器",機殼,"機殼, 電子零件元件, 電源供應器","256, 35"
5468,凱鈺,IC設計,,"IC設計, LED驅動IC, 光通訊IC, 網路通訊IC, 電池保護IC",108
5469,瀚宇博,"PCB, 電子通路",,"印刷電路板, 印刷電路板相關, 電子製造服務, 電腦系統業","64, 256"
5471,松翰,IC設計,,"DSP, IC設計, MCU, 影音IC, 消費性IC",108
5474,聰泰,電子通路,PC介面卡,"消費性電子產品, 視訊轉換相關",256
5475,德宏,PCB,"PCB-材料設備, 銅箔基板","印刷電路板相關, 玻纖布",64
5478,智冠,電子通路,"線上遊戲, 遊戲","PC遊戲, 傳播事業, 廣告, 手機遊戲, 軟體業, 遊戲產業, 電子支付",256
5481,新華,PCB,"遠距教學, 銅箔基板","地產, 教育事業, 服務業, 物業投資發展",64
5483,中美晶,"IC代工, 傳產其他","太陽能, 矽晶圓","IC製造, 太陽能, 太陽能矽晶圓, 矽晶圓","31, 246"
5484,慧友,科技其他,安全監控,"安全監控, 工業電腦",36
5487,通泰,IC設計,,"IC設計, MCU, 消費性IC, 觸控IC",108
5488,松普,電子通路,,"連接線材, 電子零件元件",256
5489,彩富,科技其他,安全監控,"安全監控, 工業電腦",36
5490,同亨,"塑膠, 機械, 蘋果供應鏈","Apple Pay, 商業自動化","POS機系統, 工業電腦","62, 93, 29"
5493,三聯,半導體設備,儀器設備工程,"半導體化學品, 設備儀器商, 量測儀器",109
5498,凱崴,PCB,PCB-材料設備,"印刷電路板相關, 雷射鑽孔機、鑽頭, 電子製造服務, 電腦系統業",64
5508,永信建,營建,,"地產, 營建",122
5511,德昌,營建,,"住宅建設, 基礎建設, 營造工程",122
5512,力麒,"營建, 觀光",,"住宅建設, 地產, 旅宿／餐飲, 水利, 水資源, 污水處理, 營建, 營造工程, 環保工程, 飯店","122, 54"
5514,三豐,營建,,"地產, 營建, 物業投資發展",122
5515,建國,營建,,"住宅建設, 基礎建設, 營造工程",122
5516,雙喜,營建,,"住宅建設, 基礎建設, 工程顧問, 營造工程",122
5519,隆大,營建,,"地產, 營建",122
5520,力泰,水泥,,"水泥, 預拌混凝土",13
5521,工信,營建,,"基礎建設, 營造工程",122
5522,遠雄,營建,,"地產, 營建",122
5523,豐謙,營建,,"地產, 營建",122
5525,順天,營建,,"地產, 營建, 物業投資發展",122
5529,鉅陞,營建,,"地產, 營建",122
5530,龍巖,伺服器,,"服務業, 殯葬服務",32
5531,鄉林,"營建, 觀光",,"地產, 旅宿／餐飲, 營建, 飯店","122, 54"
5533,皇鼎,營建,,"地產, 營建",122
5534,長虹,營建,,"地產, 營建",122
5536,聖暉*,電子通路,,"廠務工程, 水電消防工程, 營造工程, 電子其他",256
5538,東明-KY,鋼鐵,,"不鏽鋼, 不鏽鋼緊固件, 不鏽鋼線材",41
5543,桓鼎-KY,營建,,"其他營造工程, 工業用電池, 建材, 消費用電池, 營造工程, 金屬建材, 電池",122
5546,永固-KY,水泥,,"水泥, 預拌混凝土",13
5547,久舜,營建,,"住宅建設, 營造工程",122
5548,安倉,營建,,"基礎建設, 營造工程",122
5601,台聯櫃,航運,,"貨櫃場服務, 運輸事業",31
5603,陸海,航運,,"其他公用事業, 加油站, 貨櫃場服務, 運輸事業, 陸運",31
5604,中連,營建,,"地產, 物業投資發展",122
5607,遠雄港,航運,,"地產, 控股公司, 物業投資發展, 物流業, 貨櫃場服務, 運輸事業",31
5608,四維航,航運,,"散裝航運, 運輸事業",31
5609,中菲行,航運,,"海空運承攬業, 運輸事業",31
5701,劍湖山,觀光,觀光,"主題樂園, 休閒娛樂, 旅宿／餐飲, 飯店",54
5703,亞都,觀光,觀光,"旅宿／餐飲, 飯店",54
5704,老爺知,觀光,,"旅宿／餐飲, 飯店",54
5706,鳳凰,運動休閒,,"休閒娛樂, 旅行社",37
5864,致和證,金融,,"證券, 金融業",50
5871,中租-KY,金融,太陽能,"控股公司, 汽車服務相關, 汽車融資, 租賃, 金融業",50
5876,上海商銀,金融,,"金融業, 銀行",50
5878,台名,金融,保險,"保險經紀, 金融業",50
5880,合庫金,金融,,"壽險, 投信, 票券, 證券, 資產管理, 金控, 金融業, 銀行",50
5902,德記,"百貨零售, 食品",,"流通業, 貿易, 非酒精飲料, 食品飲料相關通路, 飲料相關","30, 61"
5903,全家,百貨零售,零售,"便利商店, 流通業",30
5904,寶雅,"百貨零售, 電子通路",,"家居相關用品通路, 流通業, 藥妝零售相關","30, 256"
5905,南仁湖,"伺服器, 運動休閒",,"休閒娛樂, 旅宿／餐飲, 服務業, 消費者服務, 渡假山莊","32, 37"
5906,台南-KY,紡織,,"成衣, 成衣銷售／零售, 運動產業, 運動鞋",59
5907,大洋-KY,百貨零售,,"流通業, 百貨業",30
6005,群益證,金融,證券,"證券, 金融業",50
6015,宏遠證,金融,證券,"證券, 金融業",50
6016,康和證,金融,證券,"證券, 金融業",50
6020,大展證,金融,證券,"證券, 金融業",50
6021,美好證,金融,證券,"證券, 金融業",50
6023,元大期,金融,證券,"期貨, 金融業",50
6024,群益期,金融,證券,"期貨, 金融業",50
6026,福邦證,金融,,"證券, 金融業",50
6101,寬魚國際,傳產其他,文創娛樂,"傳播事業, 影音娛樂",246
6103,合邦,"IC代工, IC設計",,"IC製造, IC設計, LED驅動IC, 嵌入式晶片, 影音IC, 矽晶圓","31, 108"
6104,創惟,IC設計,,"IC設計, USB, 傳輸介面, 集線器IC, 高速傳輸介面IC",108
6108,競國,PCB,,"印刷電路板, 印刷電路板相關",64
6109,亞元,電源供應器,電源供應器,"變壓器, 電子零件元件, 電源供應器",35
6111,大宇資,傳產其他,"線上遊戲, 遊戲","PC遊戲, 手機遊戲, 遊戲產業",246
6112,邁達特,電子通路,Oracle甲骨文,"系統整合, 軟體業, 軟體通路／代理",256
6113,亞矽,"IC設計, 電子通路",,"IC零組件通路商, 電子通路","108, 256"
6114,久威,"PCB, 電子通路",,"印刷電路板, 印刷電路板相關, 電子元件代理商, 電子通路","64, 256"
6115,鎰勝,電子通路,,"連接線材, 電子零件元件",256
6116,彩晶,面板,LCD-TFT面板,"TFT-LCD, 中小尺吋面板, 觸控面板, 面板業",91
6117,迎廣,電子通路,機殼,"伺服器, 伺服器機殼, 機殼, 電子零件元件, 電腦系統業",256
6118,建達,電子通路,資訊通路,"電子通路, 電腦通路商",256
6120,達運,面板,LCD-零組件,"LCM, 背光模組, 面板業, 面板零組件",91
6121,新普,蘋果供應鏈,"Airpods, GB200, 二次電池","工業用電池, 消費用電池, 電池",29
6122,擎邦,半導體設備,儀器設備工程,"基礎建設, 工程顧問, 水電消防工程, 營造工程, 配電工程, 電力設備",109
6123,上奇,電子通路,,"軟體業, 軟體通路／代理, 電子元件代理商, 電子通路",256
6124,業強,散熱,散熱零組件,"散熱模組, 熱導管",16
6125,廣運,"傳產其他, 機械",,"太陽能, 太陽能電池, 產業機械, 自動化設備, 設備儀器商","246, 93"
6126,信音,"連接器, 電子通路",,"連接器, 電子零件元件","41, 256"
6127,九豪,被動元件,,"被動元件, 被動元件上游",49
6128,上福,傳產其他,,"印表機耗材, 週邊產品",246
6129,普誠,IC設計,,"IC設計, LCD驅動IC, 影音IC, 消費性IC, 無線網路IC, 類比IC",108
6130,上亞科技,"IC設計, 傳產其他",醫美保養妝品,"IC設計, 太陽能發電, 醫藥流通, 電力, 類比IC","108, 246"
6133,金橋,電子通路,,"連接線材, 電子零件元件",256
6134,萬旭,"網通, 電子通路",,"天線, 網通設備, 連接線材, 電子零件元件","92, 256"
6136,富爾特,電子通路,資訊通路,"INTERNET應用與服務, 手機零售通路商, 電商平台, 電子元件代理商, 電子通路",256
6138,茂達,AI,AI PC,"IC設計, 影音IC, 電源管理IC, 馬達IC",40
6139,亞翔,電子通路,,"廠務工程, 電子其他",256
6140,訊達,傳產其他,,"企業資源規劃, 系統整合, 軟體業",246
6141,柏承,PCB,,"印刷電路板, 印刷電路板相關",64
6142,友勁,網通,網通,"區域網路, 網通設備",92
6143,振曜,"電子通路, 面板",,"消費性電子產品, 電子書閱讀器, 電子紙, 面板業","256, 91"
6144,得利影,觀光,,"文化創意產業, 旅宿／餐飲, 餐飲",54
6146,耕興,半導體設備,,"檢測驗證服務, 設備儀器商",109
6147,頎邦,封測,IC-封測,"IC封裝, IC封裝測試, IC測試, LCD驅動IC封裝, 封測服務與材料, 金、錫凸塊",26
6148,驊宏資,電子通路,,"系統整合, 軟體業, 電子通路, 電腦通路商",256
6150,撼訊,科技其他,PC介面卡,"繪圖卡, 電腦系統業",36
6151,晉倫,傳產其他,,"傳產其他, 複合材料",246
6152,百一,網通,通訊設備,"低雜訊降頻器, 消費性電子產品, 網通設備, 視訊轉換相關",92
6153,嘉聯益,PCB,,"印刷電路板相關, 軟板",64
6154,順發,電子通路,,"3C通路商, 電子通路",256
6155,鈞寶,"塑膠, 蘋果供應鏈, 被動元件","Apple Pay, 電感","被動元件, 被動元件上游, 電感","62, 29, 49"
6156,松上,"PCB, 電子通路",,"印刷電路板, 印刷電路板相關, 變壓器, 電子零件元件","64, 256"
6158,禾昌,"連接器, 電子通路",,"連接器, 電子零件元件","41, 256"
6160,欣技,機械,商業自動化,"工業電腦, 掌上型工業電腦, 自動資料收集產品",93
6161,捷波,科技其他,,"主機板, 工業電腦, 電腦系統業",36
6163,華電網,傳產其他,,"企業資源規劃, 系統整合, 軟體業",246
6164,華興,面板,LED及光元件,"LED, LED封裝",91
6165,浪凡,傳產其他,,"INTERNET應用與服務, 串流媒體",246
6166,凌華,機械,"工業電腦, 智慧型機器人/機械手臂",工業電腦,93
6167,久正,面板,LCD-STN面板,"LCM, TN／STN LCD, 面板業",91
6168,宏齊,面板,LED及光元件,"LED, LED封裝",91
6169,昱泉,傳產其他,遊戲,"PC遊戲, 手機遊戲, 遊戲產業",246
6170,統振,"金融, 電子通路, 食品",,"保健食品, 手機零售通路商, 時尚產業, 美妝保養品, 金融其他, 金融業, 電子通路, 食品加工","50, 256, 61"
6171,大城地產,營建,,"地產, 營建",122
6173,信昌電,被動元件,,"MLCC, 晶片電阻, 被動元件, 被動元件上游",49
6174,安碁,被動元件,"濾波器, 石英元件","振盪器, 濾波器, 石英元件, 被動元件",49
6175,立敦,被動元件,,"被動元件, 被動元件上游",49
6176,瑞儀,面板,"LCD-零組件, 顯示器","背光模組, 面板零組件",91
6177,達麗,營建,,"地產, 營建",122
6179,亞通,營建,,"工程顧問, 營造工程",122
6180,橘子,傳產其他,遊戲,"PC遊戲, 手機遊戲, 遊戲產業",246
6182,合晶,IC代工,"晶圓材料, 矽晶圓","IC製造, 矽晶圓",31
6183,關貿,傳產其他,其他,"INTERNET技術與基礎設施, 系統整合, 軟體業, 電商服務",246
6184,大豐電,傳產其他,,"傳播事業, 有線電視",246
6185,幃翔,"連接器, 電子通路",,"連接器, 電子零件元件","41, 256"
6186,新潤,營建,,"地產, 營建",122
6187,萬潤,"半導體設備, 封測",,"封測用設備, 設備儀器商","109, 26"
6188,廣明,傳產其他,,"機器人, 硬碟相關, 週邊產品",246
6189,豐藝,"IC設計, 電子通路, 面板",,"IC零組件通路商, 電子元件代理商, 電子通路, 顯示器","108, 256, 91"
6190,萬泰科,電子通路,,"連接線材, 電子零件元件",256
6191,精成科,"PCB, 電子通路",,"印刷電路板, 印刷電路板相關, 電子製造服務, 電腦系統業","64, 256"
6192,巨路,PCB,"PCB-材料設備, 空污","設備儀器商, 電子元件代理商, 電子通路",64
6194,育富,PCB,,"印刷電路板, 印刷電路板相關",64
6195,詩肯,電子通路,,"家居相關用品通路, 流通業",256
6196,帆宣,"半導體設備, 電子通路",,"半導體製程設備, 廠務工程, 系統整合, 設備儀器商, 軟體業, 電子其他","109, 256"
6197,佳必琪,"連接器, 電子通路",,"連接器, 電子零件元件","41, 256"
6198,瑞築,營建,,"住宅建設, 地產, 營建, 營造工程, 物業投資發展",122
6199,天品,伺服器,,"地產, 服務業, 殯葬服務, 物業投資發展",32
6201,亞弘電,電子通路,消費電子,"家電, 小家電, 電子零件元件, 音響設備及零件",256
6202,盛群,IC設計,"RFID, 快速充電","IC設計, MCU, PC週邊IC, 安全監控IC, 消費性IC, 生物辨識IC",108
6203,海韻電,"電子通路, 電源供應器",,"電子零件元件, 電源供應器","256, 35"
6204,艾華,被動元件,電阻,"被動元件, 電阻",49
6205,詮欣,"連接器, 電子通路",,"連接器, 連接線材, 電子零件元件","41, 256"
6206,飛捷,機械,商業自動化,"KIOSK自助服務機, POS機系統, 工業電腦",93
6207,雷科,電子通路,,"其他電子零件, 設備儀器商, 電子零件元件",256
6208,日揚,"半導體設備, 機械",半導體元件,"半導體製程設備, 幫浦, 產業機械, 設備儀器商","109, 93"
6209,今國光,光通訊,光學鏡片,"光學元件, 光學鏡片／頭",46
6210,慶生,PCB,,"印刷電路板, 印刷電路板相關",64
6212,理銘,營建,,"地產, 營建",122
6213,聯茂,PCB,銅箔基板,"印刷電路板相關, 軟板基板, 銅箔基板",64
6214,精誠,"伺服器, 電子通路",資安,"INTERNET技術與基礎設施, 系統整合, 軟體業, 軟體通路／代理, 雲端科技","32, 256"
6215,和椿,機械,,"叉車／輸送設備, 機械零組件, 產業機械, 自動化設備, 軸承",93
6216,居易,網通,,"接取設備, 無線網路設備系統(WLAN), 網通設備",92
6217,中探針,封測,,"封測服務與材料, 探針、探針卡",26
6218,豪勉,半導體設備,,"半導體製程設備, 系統整合, 設備儀器商, 軟體業",109
6219,富旺,營建,,"地產, 營建",122
6220,岳豐,電子通路,,"連接線材, 電子零件元件",256
6221,晉泰,"伺服器, 電子通路",,"INTERNET技術與基礎設施, 系統整合, 軟體業, 軟體通路／代理, 雲端科技","32, 256"
6222,立軒,營建,,"住宅建設, 營造工程",122
6223,旺矽,"半導體設備, 封測, 面板",,"LED設備, 封測服務與材料, 探針、探針卡, 設備儀器商","109, 26, 91"
6224,聚鼎,被動元件,保護元件,"LED, LED散熱基板, 熱敏電阻, 被動元件",49
6225,天瀚,電子通路,數位相機,"行車紀錄器, 車用電子",256
6226,光鼎,面板,,"LED, LED封裝",91
6227,茂綸,"IC設計, 電子通路",,"IC零組件通路商, 軟體業, 軟體通路／代理, 電子通路","108, 256"
6228,全譜,"半導體設備, 生技醫療",掃描器,"IVD檢驗儀器設備, 掃瞄器, 週邊產品, 體外診斷用醫材","109, 134"
6229,研通,IC設計,,"IC設計, IC設計軟體",108
6230,尼得科超眾,散熱,"散熱模組, 散熱零組件","伺服器用散熱模組, 其他散熱零件, 散熱模組, 筆記型電腦用散熱模組",16
6231,系微,IC設計,IC-其他,"BIOS, IC設計, 軟體業",108
6233,旺玖,IC設計,,"IC設計, MEMS, USB, 傳輸介面, 其他IC, 馬達IC, 高速傳輸介面IC",108
6234,高僑,"PCB, 半導體設備",,"印刷電路板相關, 設備儀器商, 雷射鑽孔機、鑽頭","64, 109"
6235,華孚,傳產其他,,汽機車零組件,246
6236,中湛,科技其他,,"資訊安全, 軟體業",36
6237,驊訊,IC設計,VR虛擬實境,"IC設計, 影音IC",108
6239,力成,"封測, 記憶體","FOPLP扇出型封裝, HBM","IC封裝, IC封裝測試, IC測試","26, 27"
6240,松崗,營建,,"地產, 物業投資發展, 系統整合, 軟體業",122
6241,易通展,網通,,"區域網路, 無線網路設備系統(WLAN), 網通設備",92
6242,立康,食品,,"中藥製劑, 生物科技, 醫藥產業, 食品生技",61
6243,迅杰,IC設計,,"IC設計, MCU, PC週邊IC, 觸控IC",108
6244,茂迪,傳產其他,太陽能,"太陽能, 太陽能電池, 太陽能電池模組",246
6245,立端,網通,資安,"網通設備, 資安設備",92
6246,臺龍,面板,,"背光模組, 面板零組件",91
6248,沛波,鋼鐵,,"板鋼, 條鋼, 鋼筋, 鋼胚",41
6257,矽格,IC設計,,"IC封裝, IC封裝測試, IC測試",108
6259,百徽,"被動元件, 電子通路",,"分離式元件, 磁性元件, 被動元件, 電子元件代理商, 電子通路, 電子零件元件, 電感, 電晶體","49, 256"
6261,久元,IC設計,,"IC封裝測試, IC測試, 封測用設備, 設備儀器商",108
6263,普萊德,"光通訊, 網通",,"光纖設備, 光通訊, 區域網路, 網通設備","46, 92"
6264,富裔,營建,,"地產, 營建",122
6265,方土昶,"IC代工, IC設計, 電子通路",,"DRAM, IC製造, IC零組件通路商, 電子通路, 非揮發性記憶體","31, 108, 256"
6266,泰詠,電子通路,,"電子製造服務, 電腦系統業",256
6269,台郡,PCB,,"印刷電路板相關, 軟板",64
6270,倍微,"IC設計, 電子通路",,"IC零組件通路商, 電子通路","108, 256"
6271,同欣電,"IC設計, 面板",,"IC基板, IC封裝測試, LED, LED散熱基板, 封測服務與材料","108, 91"
6272,驊陞,"連接器, 電子通路",,"汽機車零組件, 車用電子, 連接器, 連接線材, 電子零件元件","41, 256"
6274,台燿,PCB,銅箔基板,"印刷電路板相關, 銅箔基板",64
6275,元山,散熱,散熱零組件,"其他散熱零件, 家電, 小家電, 散熱模組, 散熱風扇馬達",16
6276,安鈦克,"電子通路, 電源供應器",,"機殼, 電子零件元件, 電源供應器","256, 35"
6277,宏正,電子通路,其他,"消費性電子產品, 視訊轉換相關, 週邊產品",256
6278,台表科,"電子通路, 面板",,"LED, LED照明產品, 電子製造服務, 電腦系統業","256, 91"
6279,胡連,"連接器, 電子通路",,"汽機車零組件, 汽車端子, 連接器, 電子零件元件","41, 256"
6281,全國電,電子通路,,"3C通路商, 家電, 電器銷售, 電子通路",256
6282,康舒,電機電纜,智慧電網,"電子零件元件, 電源供應器",32
6283,淳安,電子通路,NB與手機零組件,"光學元件, 光學鏡片／頭, 車用電子, 週邊產品, 鍵盤",256
6284,佳邦,"網通, 電子通路",,"其他電子零件, 天線, 網通設備, 電子零件元件","92, 256"
6285,啟碁,網通,WiFi 6,"無線網路設備系統(WLAN), 網通設備, 衛星通訊設備, 車用電子, 通訊設備零組件",92
6290,良維,電子通路,,"連接線材, 電子零件元件",256
6291,沛亨,"IC設計, 電子通路",,"IC設計, 電子零件元件, 電源管理IC, 音響設備及零件","108, 256"
6292,迅德,電子通路,,"變壓器, 電子零件元件",256
6294,智基,伺服器,"文創娛樂, 遠距教學","教育事業, 服務業",32
6405,悅城,建材,玻璃基板 E-Core Sys.,"玻璃基板加工, 面板零組件",18
6409,旭隼,"塑膠, 電源供應器","太陽能, 變壓器與UPS","PV INVERTER, UPS, 太陽能, 電子零件元件","62, 35"
6411,晶焱,被動元件,保護元件,"IC設計, 其他IC",49
6412,群電,"電子通路, 電源供應器",,"電子零件元件, 電源供應器","256, 35"
6414,樺漢,科技其他,,工業電腦,36
6415,矽力*-KY,IC設計,,"IC設計, LED驅動IC, 電源管理IC",108
6416,瑞祺電通,網通,,"網通設備, 資安設備",92
6417,韋僑,網通,,"RFID相關, 網通設備",92
6418,詠昇,"連接器, 電子通路",,"連接器, 連接線材, 電子零件元件","41, 256"
6419,京晨科,科技其他,,"安全監控, 工業電腦",36
6423,億而得,AI,"IP/ASIC, 矽智財IP","IC設計, 設計IP",40
6425,易發,"IC設計, 半導體設備, 機械",IC-其他,"IC檢測設備, 其他產業機械, 半導體製程設備, 產業機械, 設備儀器商, 面板設備","108, 109, 93"
6426,統新,光通訊,,"光纖零組件, 光通訊",46
6431,光麗-KY,光通訊,光學鏡片,"時尚產業, 美妝保養品",46
6432,今展科,被動元件,電感,"IC零組件通路商, 壓敏電阻, 被動元件, 電子通路, 電感",49
6435,大中,傳產其他,,"分離式元件, 電晶體",246
6438,迅得,半導體設備,,"PCB相關設備, 半導體製程設備, 設備儀器商",109
6441,廣錠,"半導體設備, 電動車",,"博奕機台, 工業用電池, 工業電腦, 車用充電相關, 電力設備, 電池","109, 54"
6442,光聖,"光通訊, 連接器, 電子通路",,"光纖主動元件, 光纖被動元件, 光通訊, 連接器, 電子零件元件","46, 41, 256"
6443,元晶,傳產其他,太陽能,"太陽能, 太陽能電池, 太陽能電池模組",246
6446,藥華藥,生技醫療,,"新藥研發, 生物製劑, 醫藥產業",134
6449,鈺邦,被動元件,電容,"被動元件, 鋁質電解電容",49
6451,訊芯-KY,光通訊,光通訊,"IC封裝, IC封裝測試, IC測試",46
6456,GIS-KY,面板,顯示器,"觸控面板, 面板業",91
6461,益得,生技醫療,再生醫療,"學名藥, 新藥研發, 西藥製劑, 醫藥產業",134
6462,神盾,IC設計,,"IC設計, 感測元件, 消費性IC, 生物辨識IC",108
6464,台數科,傳產其他,,"傳播事業, 有線電視",246
6465,威潤,網通,,"網通設備, 衛星導航",92
6469,大樹,"生技醫療, 電子通路",醫藥通路,"藥品通路, 醫療器材通路, 醫藥流通","134, 256"
6470,宇智,網通,,"無線網路設備系統(WLAN), 網通設備",92
6472,保瑞,生技醫療,生技醫療,"學名藥, 西藥製劑, 醫藥流通, 醫藥產業, 醫藥研發外包服務",134
6474,華豫寧,"IC設計, 電子通路",,"IC設計, IC零組件通路商, MCU, 家居用品, 系統整合, 軟體業, 鎖, 電子通路, 類比IC","108, 256"
6477,安集,傳產其他,,"太陽能, 太陽能發電, 太陽能電池模組, 電力",246
6482,弘煜科,傳產其他,,"PC遊戲, 手機遊戲, 遊戲產業",246
6485,點序,IC設計,,"FLASH記憶體IC, IC設計, SSD控制IC, 記憶卡IC",108
6486,互動,傳產其他,,"系統整合, 軟體業",246
6488,環球晶,IC代工,"晶圓材料, 次世代半導體, 矽晶圓","IC製造, 矽晶圓",31
6491,晶碩,傳產其他,視力保健,"輔助與彌補用醫材, 隱形眼鏡",246
6492,生華科,生技醫療,,"新藥研發, 醫藥產業",134
6494,九齊,IC設計,,"IC設計, MCU, 影音IC",108
6496,科懋,"生技醫療, 電子通路",醫藥通路,"學名藥, 西藥製劑, 醫療器材通路, 醫藥流通, 醫藥產業","134, 256"
6498,久禾光,光通訊,,"光學元件, 光學鏡片／頭",46
6499,益安,生技醫療,,"手術與治療用醫材, 診斷與監測用醫材, 醫學影像裝置",134
6504,南六,"生技醫療, 紡織","空污, 美容, 衛生保健","不織布, 個人保護用器材, 其他醫療器材, 工業紡織品","134, 59"
6505,台塑化,塑膠,,"塑化原料, 油品儲運／分銷, 烯烴類, 煉油, 石油及天然氣",62
6506,雙邦,化學,,"PU樹脂, 其他化工產品, 化學工業, 織布業",69
6508,惠光,生技醫療,農業生技,"化學工業, 塑化製品, 塑膠皮布, 農藥",134
6509,聚和,化學,,"傳產其他, 其他化工產品, 化學工業, 文具",69
6510,精測,封測,,"封測服務與材料, 測試用板卡",26
6512,啟發電,電子通路,其他,"消費性電子產品, 視訊轉換相關",256
6515,穎崴,封測,,"封測服務與材料, 探針、探針卡",26
6516,勤崴國際,傳產其他,,"應用軟體, 軟體業",246
6517,保勝光學,光通訊,,"光學元件, 光學鏡片／頭",46
6523,達爾膚,傳產其他,醫美保養妝品,"時尚產業, 美妝保養品",246
6525,捷敏-KY,IC設計,,IC封裝測試,108
6526,達發,IC設計,,"IC設計, 射頻前端晶片, 無線網路IC, 網路通訊IC, 衛星導航晶片組",108
6527,明達醫,生技醫療,,"診斷與監測用醫材, 醫學影像裝置",134
6530,創威,光通訊,,"光纖主動元件, 光通訊",46
6531,愛普*,記憶體,記憶體IC設計,"DRAM記憶體IC, IC設計, SRAM記憶體IC, 設計IP",27
6532,瑞耘,半導體設備,IC-半導體設備,"半導體製程設備, 設備儀器商",109
6533,晶心科,AI,"IP/ASIC, 矽智財IP","IC設計, 設計IP",40
6534,正瀚-創,"化學, 生技醫療",,"化學工業, 生物科技, 肥料, 農業生技","69, 134"
6535,順藥,生技醫療,,"新藥研發, 西藥製劑, 醫藥產業",134
6538,倉和,電子通路,其他,電子其他,256
6541,泰福-KY,生技醫療,"生技醫療, 生物相似藥","新藥研發, 生物製劑, 醫藥產業",134
6542,隆中,傳產其他,,"PC遊戲, 手機遊戲, 遊戲產業",246
6546,正基,"光通訊, 網通",,"網通設備, 通訊設備零組件","46, 92"
6547,高端疫苗,生技醫療,防疫,"生物製劑, 醫藥產業",134
6548,長科*,封測,IC-導線架,"封測服務與材料, 導線架",26
6550,北極星藥業-KY,生技醫療,"再生醫療, 生技醫療","新藥研發, 生物製劑, 醫藥產業, 醫藥研發外包服務",134
6552,易華電,IC設計,,"IC基板, 封測服務與材料",108
6556,勝品,科技其他,,"安全監控, 工業電腦",36
6558,興能高,傳產其他,,"消費用電池, 電池",246
6560,欣普羅,科技其他,,"安全監控, 工業電腦",36
6561,是方,光通訊,,"INTERNET技術與基礎設施, 通訊服務, 雲端科技, 電信／數據服務",46
6568,宏觀,"AI, 網通","矽智財IP, 衛星/低軌衛星","ASIC, IC設計, 光通訊IC, 無線網路IC","40, 92"
6569,醫揚,科技其他,,工業電腦,36
6570,維田,面板,,"工業電腦, 顯示器",91
6573,虹揚-KY,記憶體,IC-製造,"二極體, 分離式元件",27
6574,霈方,生技醫療,,"時尚產業, 美妝保養品, 醫療服務, 醫療管理服務",134
6576,逸達,生技醫療,,"新藥研發, 生物製劑, 西藥製劑, 醫藥產業",134
6577,勁豐,面板,顯示器,"工業電腦, 顯示器",91
6578,達邦蛋白,生技醫療,農業生技,"生物科技, 農業生技",134
6579,研揚,科技其他,,工業電腦,36
6581,鋼聯,傳產其他,"環境工程, 綠能環保","傳產其他, 回收焚化／掩埋清運",246
6582,申豐,橡膠,,"乳膠相關, 橡膠工業",12
6584,南俊國際,電子通路,金屬製品,"其他電子零件, 電子零件元件",256
6585,鼎基,化學,,"PU樹脂, 化學工業, 熱熔膠",69
6588,東典光電,"光通訊, 網通",,"光纖零組件, 光通訊, 物聯網裝置, 網通設備","46, 92"
6589,台康生技,生技醫療,"生技醫療, 生物相似藥","醫藥產業, 醫藥研發外包服務",134
6590,普鴻,電子通路,,"系統整合, 資訊安全, 軟體業, 電子支付",256
6591,動力-KY,散熱,散熱模組,"散熱模組, 散熱風扇馬達",16
6592,和潤企業,金融,,"汽車服務相關, 汽車融資, 租賃, 金融業",50
6593,台灣銘板,電子通路,,"傳產其他, 智慧卡相關, 電子其他",256
6596,寬宏藝術,運動休閒,文創娛樂,"休閒娛樂, 傳播事業, 影音娛樂, 文化創意產業, 陳列展覽相關",37
6597,立誠,面板,,"LED, LED散熱基板",91
6598,ABC-KY,半導體設備,生物檢測,"IVD檢驗儀器設備, 檢驗試劑／紙, 體外診斷用醫材",109
6603,富強鑫,"塑膠, 機械",,"塑膠機械, 產業機械","62, 93"
6605,帝寶,傳產其他,,"汽機車零組件, 車燈",246
6606,建德工業,機械,,"工具機, 磨床, 龍門機",93
6609,瀧澤科,機械,,"工具機, 車床",93
6612,奈米醫材,傳產其他,,"輔助與彌補用醫材, 醫用植入材料",246
6613,朋億*,半導體設備,,設備儀器商,109
6614,資拓宏宇,傳產其他,,"系統整合, 軟體業",246
6615,慧智,半導體設備,生物檢測,"生技服務, 生物科技",109
6616,特昇-KY,傳產其他,,"傢俱, 家居用品",246
6617,共信-KY,生技醫療,,"新藥研發, 西藥製劑, 醫藥產業",134
6620,漢達,生技醫療,,"學名藥, 新藥研發, 西藥製劑, 醫藥產業",134
6624,萬年清,傳產其他,"環境工程, 綠能環保","水資源, 污水處理",246
6625,必應,傳產其他,文創娛樂,"傳播事業, 影音娛樂",246
6629,泰金-KY,傳產其他,,"傳產其他, 金屬加工／製品",246
6637,醫影,生技醫療,,"醫療器材通路, 醫療管理服務, 醫藥流通",134
6640,均華,半導體設備,IC-半導體設備,"封測用設備, 設備儀器商",109
6641,基士德-KY,機械,綠能環保,"幫浦, 水資源, 水資源設備／耗材, 產業機械, 通用機械",93
6642,富致,被動元件,保護元件,"熱敏電阻, 被動元件",49
6643,M31,AI,"IP/ASIC, 矽智財IP","IC設計, 設計IP",40
6645,金萬林-創,生技醫療,,"IVD檢驗儀器設備, 檢驗試劑／紙, 生技服務, 生物科技, 體外診斷用醫材",134
6649,台生材,傳產其他,,"手術與治療用醫材, 輔助與彌補用醫材, 醫用植入材料",246
6651,全宇昕,傳產其他,,"二極體, 分離式元件, 電晶體",246
6654,天正國際,半導體設備,,設備儀器商,109
6655,科定,營建,,"建材, 木地板, 複合板",122
6657,華安,生技醫療,,"新藥研發, 檢驗試劑／紙, 生命科學工具, 診斷與監測用醫材, 醫藥產業, 體外診斷用醫材",134
6658,聯策,"PCB, 半導體設備",,"PCB相關設備, 設備儀器商","64, 109"
6661,威健生技,生技醫療,,"IVD檢驗儀器設備, 檢驗試劑／紙, 生技服務, 生物科技, 體外診斷用醫材",134
6662,樂斯科,生技醫療,生技醫療,"IVD檢驗儀器設備, 生命科學工具, 診斷與監測用醫材, 體外診斷用醫材",134
6664,群翊,建材,玻璃基板 E-Core Sys.,"PCB相關設備, 設備儀器商",18
6666,羅麗芬-KY,傳產其他,,"時尚產業, 美妝保養品, 美容",246
6667,信紘科,電子通路,,"廠務工程, 設備儀器商, 電子其他",256
6668,中揚光,"光通訊, 機械",,"光學元件, 光學鏡片／頭, 模具, 機械零組件","46, 93"
6669,緯穎,IC設計,"EMS, Oracle甲骨文","AI伺服器, ASIC伺服器, 伺服器, 電腦系統業",108
6670,復盛應用,運動休閒,高爾夫球,"運動產業, 高爾夫球桿頭",37
6671,三能-KY,傳產其他,,傳產其他,246
6672,騰輝電子-KY,面板,,"LED, LED散熱基板, 印刷電路板相關, 銅箔基板",91
6674,鋐寶科技,網通,,"接取設備, 無線網路設備系統(WLAN), 網通設備",92
6679,鈺太,IC設計,,"IC設計, MEMS, 影音IC, 感測元件, 類比IC",108
6680,鑫創電子,科技其他,,工業電腦,36
6683,雍智科技,半導體設備,IC-半導體設備,"封測服務與材料, 測試用板卡",109
6684,安格,IC設計,,"IC設計, 影音IC, 設計IP, 高速傳輸介面IC",108
6689,伊雲谷,伺服器,Oracle甲骨文,"INTERNET技術與基礎設施, 雲端科技",32
6690,安碁資訊,科技其他,,"資訊安全, 軟體業",36
6691,洋基工程,電子通路,,"廠務工程, 電子其他",256
6692,進能服,傳產其他,,"太陽能, 太陽能系統運用",246
6693,廣閎科,IC設計,,"IC設計, 分離式元件, 電晶體, 馬達IC",108
6695,芯鼎,AI,ASIC,"IC設計, 安全監控IC, 影音IC, 消費性IC",40
6697,東捷資訊,傳產其他,,"企業資源規劃, 客戶關係管理, 軟體業",246
6698,旭暉應材,"半導體設備, 電子通路",,"其他電子零件, 半導體製程設備, 設備儀器商, 電子零件元件","109, 256"
6703,軒郁,傳產其他,,"INTERNET應用與服務, 時尚產業, 美妝保養品, 電商平台",246
6706,惠特,半導體設備,,"LED設備, 半導體製程設備, 設備儀器商",109
6708,天擎,IC設計,,"IC設計, 安全監控IC",108
6712,長聖,生技醫療,再生醫療,"新藥研發, 生物製劑, 細胞治療, 醫藥產業, 醫藥研發外包服務",134
6715,嘉基,電子通路,,"THUNDERBOLT, 傳輸介面, 連接線材, 電子零件元件",256
6716,應廣,IC設計,,"IC設計, MCU",108
6719,力智,IC設計,,"IC設計, 分離式元件, 電晶體, 電源管理IC",108
6720,久昌,IC設計,,"IC設計, 分離式元件, 電晶體, 類比IC",108
6721,信實,伺服器,,"保全業, 地產, 服務業, 清潔服務, 物業管理服務",32
6722,輝創,電子通路,,"倒車雷達, 車用電子",256
6725,矽科宏晟,電子通路,,"廠務工程, 設備儀器商, 電子其他",256
6727,亞泰金屬,"PCB, 半導體設備",,"PCB相關設備, 設備儀器商","64, 109"
6728,上洋,伺服器,,"家電, 服務業, 消費者服務, 電器銷售",32
6730,常廣,生技醫療,,"其他手術器械, 其他醫療器材, 手術與治療用醫材, 醫療耗材",134
6732,昇佳電子,IC設計,,"IC設計, MEMS, 感測元件",108
6733,博晟生醫,傳產其他,,"輔助與彌補用醫材, 骨科類器材",246
6735,美達科技,IC設計,,"IC檢測設備, 設備儀器商",108
6739,竹陞科技,半導體設備,,設備儀器商,109
6741,91APP*-KY,傳產其他,,"INTERNET技術與基礎設施, 應用軟體, 軟體業, 電商服務",246
6742,澤米,電子通路,,"光學膜, 電子其他, 面板零組件",256
6743,安普新,傳產其他,,"耳機, 電聲產品",246
6751,智聯服務,傳產其他,,"系統整合, 軟體業",246
6752,叡揚,傳產其他,,"企業資源規劃, 應用軟體, 軟體業",246
6753,龍德造船,傳產其他,,造船業,246
6754,匯僑設計,營建,,"營造工程, 設計裝潢",122
6756,威鋒電子,IC設計,,"IC設計, USB, 傳輸介面, 高速傳輸介面IC",108
6757,台灣虎航,航運,,"空運, 運輸事業",31
6761,穩得,電子通路,電子元件通路,"檢測驗證服務, 被動元件, 設備儀器商, 電子元件代理商, 電子通路",256
6762,達亞,傳產其他,,手術與治療用醫材,246
6763,綠界科技*,電子通路,,"軟體業, 電子支付",256
6767,台微醫,傳產其他,,"輔助與彌補用醫材, 骨科類器材",246
6768,志強-KY,傳產其他,,"傳產其他, 鞋材",246
6770,力積電,IC代工,IC-代工,"IC製造, 晶圓代工",31
6771,平和環保-創,傳產其他,綠能環保,"水資源, 污水處理",246
6776,展碁國際,電子通路,,"3C通路商, 家電, 軟體業, 軟體通路／代理, 電器銷售, 電子通路, 電腦通路商",256
6781,AES-KY,電源供應器,"BBU, 二次電池","儲能設備, 車用鋰電池, 電池",35
6782,視陽,傳產其他,視力保健,"輔助與彌補用醫材, 隱形眼鏡",246
6785,昱展新藥,生技醫療,,"新藥研發, 醫藥產業",134
6788,華景電,半導體設備,,"半導體製程設備, 設備儀器商",109
6789,采鈺,"IC代工, IC設計",,"IC封裝測試, IC測試, IC製造, 影像感測元件, 數位相機, 晶圓代工","31, 108"
6790,永豐實,造紙,紙業,"家庭用紙, 造紙業",7
6791,虎門科技,傳產其他,,"企業資源規劃, 系統整合, 軟體業",246
6792,詠業,"網通, 被動元件, 電子通路",,"MLCC, 其他電子零件, 天線, 網通設備, 被動元件, 電子零件元件","92, 49, 256"
6794,向榮生技,生技醫療,再生醫療,"新藥研發, 生物製劑, 細胞治療, 醫藥產業, 醫藥研發外包服務",134
6796,晉弘,生技醫療,,"診斷與監測用醫材, 醫學影像裝置",134
6799,來頡,IC設計,,"IC設計, 電源管理IC",108
6803,崑鼎,傳產其他,"環境工程, 綠能環保","傳產其他, 回收焚化／掩埋清運, 控股公司",246
6804,明係,運動休閒,自行車,"自行車, 車輛整車",37
6805,富世達,電子通路,,"樞紐, 電子零件元件",256
6806,森崴能源,"半導體設備, 營建, 電機電纜",,"工程顧問, 營造工程, 配電工程, 電力公共事業, 電力設備","109, 122, 32"
6807,峰源-KY,傳產其他,,"傢俱, 家居用品",246
6811,宏碁資訊,傳產其他,,"系統整合, 軟體業",246
6821,聯寶,電子通路,,"無線充電, 變壓器, 電子零件元件",256
6823,濾能,電子通路,,電子其他,256
6829,千附精密,半導體設備,半導體元件,"半導體製程設備, 機械零組件, 設備儀器商, 面板設備, 飛機零件／製造",109
6830,汎銓,半導體設備,,"檢測驗證服務, 設備儀器商",109
6831,邁科,散熱,,"伺服器用散熱模組, 其他散熱零件, 散熱模組",16
6834,天二科技,被動元件,,"晶片電阻, 被動元件",49
6835,圓裕,"PCB, 電子通路",,"印刷電路板相關, 軟板, 連接線材, 電子零件元件","64, 256"
6838,台新藥,生技醫療,,"學名藥, 專利藥, 新藥研發, 醫藥產業",134
6840,東研信超,半導體設備,,"檢測驗證服務, 設備儀器商",109
6841,長佳智能,生技醫療,智慧醫療,智慧醫療技術,134
6843,進典,機械,,"工業閥門, 機械零組件",93
6844,諾貝兒,生技醫療,,"藥品通路, 醫療器材通路, 醫藥流通",134
6846,綠茵,食品,,"生物科技, 食品生技",61
6854,錼創科技-KY創,面板,,"LED, LED封裝, LED晶粒, LED磊晶",91
6855,數泓科,機械,其他,"手工具, 產業機械",93
6856,鑫傳,百貨零售,文創娛樂,"傳播事業, 影音娛樂, 有線電視, 無店舖販售, 電視購物",30
6859,伯特光,"光通訊, 機械",手機製造,"光學元件, 光學鏡片／頭, 模具, 機械零組件","46, 93"
6861,睿生光電,生技醫療,智慧醫療,設備儀器商,134
6862,三集瑞-KY,被動元件,,"被動元件, 電感",49
6863,永道-KY,百貨零售,"掃描器, 零售","RFID相關, 網通設備",30
6865,偉康科技,傳產其他,,"企業資源規劃, 應用軟體, 軟體業",246
6869,雲豹能源,傳產其他,,"太陽能, 太陽能發電, 太陽能系統運用, 水資源, 污水處理, 電力, 電力公共事業",246
6870,騰雲,傳產其他,,"INTERNET技術與基礎設施, 系統整合, 軟體業, 電商服務",246
6872,浩宇生醫,生技醫療,,"手術與治療用醫材, 診斷與監測用醫材, 醫學影像裝置",134
6873,泓德能源,電機電纜,智慧電網,"太陽能, 太陽能發電, 太陽能系統運用, 電力",32
6874,倍力,電子通路,,"軟體業, 軟體通路／代理",256
6875,國邑*,生技醫療,,"新藥研發, 醫藥產業",134
6877,鏵友益,"IC設計, 半導體設備",,"IC檢測設備, 半導體製程設備, 設備儀器商, 面板設備","108, 109"
6881,潤德,營建,,"營造工程, 設計裝潢",122
6884,海柏特,伺服器,,"商業服務／顧問, 服務業",32
6885,全福生技,生技醫療,,"新藥研發, 醫藥產業",134
6887,寶綠特-KY,"化學, 紡織",,"傳產其他, 化學纖維, 化纖原料, 回收焚化／掩埋清運","69, 59"
6890,來億-KY,傳產其他,,"傳產其他, 鞋材",246
6894,衛司特,半導體設備,,"傳產其他, 回收焚化／掩埋清運, 水資源, 水資源設備／耗材",109
6895,宏碩系統,半導體設備,其他,"半導體製程設備, 設備儀器商",109
6899,創為精密,面板,,"觸控面板, 面板業",91
6901,鑽石投資,金融,,"新藥研發, 生物科技, 資產管理, 醫藥產業, 金融其他, 金融業",50
6902,GOGOLOOK,傳產其他,,"應用軟體, 軟體業",246
6903,巨漢,電子通路,,"廠務工程, 電子其他",256
6904,伯鑫,機械,,"手工具, 產業機械",93
6906,現觀科,傳產其他,,"應用軟體, 軟體業",246
6907,雅特力-KY,IC設計,,"IC設計, MCU",108
6909,創控,半導體設備,,"半導體製程設備, 設備儀器商",109
6910,德鴻,伺服器,,"INTERNET技術與基礎設施, 客戶關係管理, 生物辨識相關, 系統整合, 語音辨識, 軟體業, 雲端科技",32
6913,鴻呈,電子通路,,"連接線材, 電子零件元件",256
6914,阜爾運通,傳產其他,,"停車場, 其他公用事業",246
6916,華凌,面板,,"LCM, 面板業",91
6918,愛派司,生技醫療,,"輔助與彌補用醫材, 醫療器材通路, 醫藥流通, 骨科類器材",134
6919,康霈*,食品,,"新藥研發, 生物科技, 醫藥產業, 食品生技",61
6921,嘉雨思-創,IC設計,,"IC設計, 高速傳輸介面IC",108
6922,宸曜,科技其他,,工業電腦,36
6923,中台,營建,,"傳產其他, 回收焚化／掩埋清運, 營造工程, 環保工程",122
6924,榮惠-KY創,PCB,,"印刷電路板, 印刷電路板相關",64
6925,意藍,"AI, 伺服器",,"INTERNET技術與基礎設施, 人工智慧, 應用軟體, 軟體業, 雲端科技","40, 32"
6928,攸泰科技,科技其他,,工業電腦,36
6929,佑全,生技醫療,,"藥品通路, 醫療器材通路, 醫藥流通",134
6931,青松健康,生技醫療,,"醫療服務, 醫療管理服務",134
6933,AMAX-KY,伺服器,,"伺服器, 系統整合, 軟體業, 電腦系統業",32
6934,心誠鎂,傳產其他,,"呼吸與麻醉用器具, 手術與治療用醫材",246
6936,永鴻生技,生技醫療,,"動物用藥, 生物科技, 農業生技, 醫藥產業",134
6937,天虹,建材,玻璃基板 E-Core Sys.,"半導體製程設備, 設備儀器商",18
6944,兆聯實業,半導體設備,,"水資源, 水資源設備／耗材, 污水處理",109
6949,沛爾生醫-創,生技醫療,,"新藥研發, 生物製劑, 細胞治療, 醫藥產業",134
6951,青新-創,傳產其他,,"傳產其他, 回收焚化／掩埋清運",246
6952,大武山,食品,,"蛋業, 農林漁牧, 食品加工, 餅乾製品",61
6953,家碩,半導體設備,,"半導體製程設備, 設備儀器商",109
6955,邦睿生技-創,"半導體設備, 生技醫療",,"IVD檢驗儀器設備, 體外診斷用醫材","109, 134"
6957,裕慶-KY,傳產其他,,"傳產其他, 金屬加工／製品",246
6958,日盛台駿,金融,,"汽車服務相關, 汽車融資, 租賃, 金融業",50
6961,旅天下,運動休閒,,"休閒娛樂, 旅行社",37
6962,奕力-KY,IC設計,,"IC設計, LCD驅動IC",108
6965,中傑-KY,傳產其他,,"傳產其他, 鞋材",246
6967,汎瑋材料,電子通路,,"其他電子零件, 電子元件代理商, 電子通路, 電子零件元件",256
6968,萬達寵物,食品,,"傳產其他, 寵物用品, 寵物食品, 食品加工",61
6969,成信實業*-創,傳產其他,,"傳產其他, 回收焚化／掩埋清運",246
6971,惠民實業,傳產其他,,"水利, 水資源, 污水處理",246
6982,大井泵浦,機械,,"幫浦, 產業機械",93
6988,威力暘-創,電子通路,,車用電子,256
6994,富威電力,營建,,"工程顧問, 營造工程, 電力公共事業",122
6996,力領科技,IC設計,,"IC設計, LCD驅動IC",108
6997,博弘,伺服器,,"INTERNET技術與基礎設施, 雲端科技",32
7402,邑錡,電子通路,,"攝影設備, 消費性電子產品",256
7547,碩網,AI,,"人工智慧, 應用軟體, 系統整合, 軟體業",40
7556,意德士,半導體設備,,"半導體製程設備, 設備儀器商",109
7584,樂意,傳產其他,,"PC遊戲, 手機遊戲, 遊戲產業",246
7610,聯友金屬-創,傳產其他,,"傳產其他, 回收焚化／掩埋清運",246
7631,聚賢研發-創,半導體設備,,設備儀器商,109
7642,昶瑞機電,傳產其他,,家電,246
7703,銳澤,半導體設備,,設備儀器商,109
7704,明遠精密,半導體設備,,"半導體製程設備, 設備儀器商",109
7705,三商餐飲,觀光,,"旅宿／餐飲, 餐飲",54
7708,全家餐飲,觀光,,"旅宿／餐飲, 餐飲",54
7709,榮田,機械,,"工具機, 車床, 銑床, 龍門機",93
7711,永擎,"AI, 伺服器",EMS,"AI伺服器, 主機板, 伺服器, 電腦系統業","40, 32"
7712,博盛半導體,記憶體,IC-製造,"分離式元件, 電晶體",27
7713,威力德生醫,生技醫療,,"IVD檢驗儀器設備, 智慧醫療技術, 檢驗試劑／紙, 醫療器材通路, 醫藥流通, 體外診斷用醫材",134
7714,創泓科技,網通,,"網通設備, 資安設備, 資訊安全, 軟體業, 軟體通路／代理",92
7715,裕山,營建,,"傳產其他, 回收焚化／掩埋清運, 工程顧問, 營造工程, 環保工程",122
7716,昱臺國際,航運,,"海空運承攬業, 運輸事業",31
7717,萊德光電-KY,"光通訊, 網通, 面板",,"LED, LED照明產品, 光纖被動元件, 光纖設備, 光通訊, 網通設備, 通訊設備零組件","46, 92, 91"
7718,友鋮,鋼鐵,,"線材盤元, 螺絲螺帽",41
7721,微程式,傳產其他,,"系統整合, 軟體業",246
7722,LINEPAY,電子通路,,"軟體業, 電子支付",256
7723,築間,觀光,,"旅宿／餐飲, 餐飲",54
7728,光焱科技,"IC設計, 半導體設備",IC-其他,"IC檢測設備, 半導體製程設備, 設備儀器商","108, 109"
7730,暉盛-創,半導體設備,,"PCB相關設備, 半導體製程設備, 封測用設備, 設備儀器商",109
7732,金興精密,電動車,,"汽機車零組件, 車用冷卻系統",54
7734,印能科技,"半導體設備, 封測",IC-其他,"封測用設備, 設備儀器商","109, 26"
7736,虎山,電子通路,,"汽機車零組件, 車用電子",256
7738,東聯互動,金融,,"金融其他, 金融業",50
7740,熙特爾-創,傳產其他,,"工業用電池, 電力公共事業, 電池",246
7743,金利食安,食品,,"非酒精飲料, 飲料相關",61
7744,崴寶,電子通路,EMS,"模具沖壓, 電子零件元件",256
7747,昕奇雲端,網通,,"INTERNET技術與基礎設施, 網通設備, 資安設備, 資訊安全, 軟體業, 雲端科技",92
7749,意騰-KY,IC設計,,"ASIC, IC設計, 設計IP",108
7750,新代,機械,,"工具機, 工具機主軸, 工具機控制器",93
7751,竑騰,"半導體設備, 封測",,"封測用設備, 設備儀器商","109, 26"
7753,星亞,面板,顯示器,"LED, LED照明產品, 數位看板, 顯示器",91
7757,金色三麥,觀光,,"啤酒, 旅宿／餐飲, 飲料相關, 餐飲",54
7765,中華資安,科技其他,,"資訊安全, 軟體業",36
7767,仁大資訊,傳產其他,,"系統整合, 軟體業",246
7769,鴻勁,"半導體設備, 封測",,"封測用設備, 設備儀器商","109, 26"
7770,君曜,IC設計,,"IC設計, LCD驅動IC, 觸控IC, 高速傳輸介面IC",108
7777,能率亞洲,金融,,"資產管理, 金融業",50
7780,大研生醫*,食品,,"生物科技, 食品生技",61
7782,光速火箭,伺服器,,"INTERNET應用與服務, 商業服務／顧問, 時尚產業, 服務業, 美妝保養品, 電商平台",32
7786,東方風能,機械,,"海洋工程設備, 產業機械",93
7788,松川精密,半導體設備,,"電力設備, 電氣零件與設備",109
7791,皇家可口,食品,,"乳製品, 食品加工, 麵製品相關",61
7792,安葆,"機械, 電子通路",,"UPS, 配電工程, 重電設備, 電力設備, 電子零件元件, 電機","93, 256"
7795,長廣,"PCB, 半導體設備",,"PCB相關設備, 設備儀器商","64, 109"
7799,禾榮科,半導體設備,,"手術與治療用醫材, 放射治療設備",109
7805,威聯通,半導體設備,磁碟陣列,"儲存設備, 週邊產品",109
7810,捷創科技,半導體設備,,"半導體製程設備, 設備儀器商",109
7823,奧義賽博-KY創,科技其他,,"資訊安全, 軟體業",36
8011,台通,光通訊,,"光纖光纜, 光纖被動元件, 光通訊, 通訊服務",46
8016,矽創,IC設計,,"CMOS晶片, IC設計, LCD驅動IC, MEMS, 感測元件, 手機零組件, 手機面板驅動IC, 觸控IC",108
8021,尖點,電子通路,,"印刷電路板相關, 雷射鑽孔機、鑽頭, 電子製造服務, 電腦系統業",256
8024,佑華,IC設計,,"IC設計, MCU, 影音IC, 消費性IC",108
8027,鈦昇,建材,玻璃基板 E-Core Sys.,"半導體製程設備, 封測用設備, 設備儀器商",18
8028,昇陽半導體,IC代工,,"IC製造, 矽晶圓",31
8032,光菱,"IC設計, 電子通路",,"IC零組件通路商, 電子元件代理商, 電子通路","108, 256"
8033,雷虎,傳產其他,消費電子,"傳產其他, 動力手術器具, 手術與治療用醫材, 玩具, 航天軍工, 航空器、飛機",246
8034,榮群,網通,,"接取設備, 網通設備",92
8038,長園科,傳產其他,"二次電池, 寧德時代","工業用電池, 正極材料, 電池, 電池材料相關",246
8039,台虹,PCB,銅箔基板,"印刷電路板相關, 軟板基板",64
8040,九暘,IC設計,,"IC設計, 無線網路IC, 網路通訊IC",108
8042,金山電,被動元件,"鋁質電容, 電容","被動元件, 鋁質電解電容",49
8043,蜜望實,"被動元件, 電子通路",,"MLCC, 被動元件, 電子元件代理商, 電子通路, 電感","49, 256"
8044,網家,傳產其他,其他,"INTERNET應用與服務, 電商平台",246
8045,達運光電,光通訊,,"光纖設備, 光通訊, 系統整合, 軟體業",46
8046,南電,PCB,"ABF, IC載板","IC基板, 印刷電路板, 印刷電路板相關, 封測服務與材料",64
8047,星雲,半導體設備,其他,設備儀器商,109
8048,德勝,光通訊,,"光纖設備, 光通訊",46
8049,晶采,面板,LCD-STN面板,"LCM, 面板業",91
8050,廣積,科技其他,工業電腦,"主機板, 工業電腦, 電腦系統業",36
8054,安國,AI,ASIC,"FLASH記憶體IC, IC設計, PC週邊IC, 影音IC, 記憶卡IC, 集線器IC, 高速傳輸介面IC",40
8059,凱碩,網通,,"數據機, 無線網路設備系統(WLAN), 網通設備",92
8064,東捷,封測,FOPLP扇出型封裝,"LED設備, 設備儀器商, 面板設備",26
8066,來思達,傳產其他,,"傢俱, 家居用品",246
8067,志旭,電子通路,,"時尚產業, 美妝保養品, 電子通路, 電腦通路商",256
8068,全達,"IC設計, 電子通路",,"IC零組件通路商, 軟體業, 軟體通路／代理, 電子通路","108, 256"
8069,元太,"百貨零售, 面板","LCD-TFT面板, 零售","中小尺吋面板, 電子紙, 面板業","30, 91"
8070,長華*,"半導體設備, 電子通路",IC-導線架,"半導體材料通路商, 封測服務與材料, 導線架, 電子通路","109, 256"
8071,能率網通,電子通路,,"模具沖壓, 輔助與彌補用醫材, 隱形眼鏡, 電子元件代理商, 電子通路, 電子零件元件",256
8072,陞泰,"IC設計, 電子通路",安全監控,"IC零組件通路商, 安全監控, 工業電腦, 電子通路","108, 256"
8074,鉅橡,PCB,PCB材料,"PCB材料, 印刷電路板相關",64
8076,伍豐,機械,商業自動化,"KIOSK自助服務機, POS機系統, 工業電腦",93
8077,洛碁,觀光,,"旅宿／餐飲, 飯店",54
8080,泰霖,營建,,"其他營造工程, 營造工程",122
8081,致新,IC設計,快速充電,"IC設計, LED驅動IC, 電源管理IC, 類比IC",108
8083,瑞穎,機械,其他,"機械零組件, 軸承",93
8084,巨虹,記憶體,"DRAM銷售, 記憶體","旅宿／餐飲, 記憶卡, 週邊產品, 電子元件代理商, 電子通路, 餐飲",27
8085,福華,面板,LCD-零組件,"LCM, 傳產其他, 其他電子零件, 碳權相關, 背光模組, 週邊產品, 電子零件元件, 面板業, 面板零組件",91
8086,宏捷科,IC代工,"AR擴增實境, IC-代工, 次世代半導體","IC製造, 化合物晶圓, 砷化鎵相關",31
8087,麗升能源,傳產其他,,"太陽能, 太陽能發電, 太陽能系統運用, 電力, 風力發電",246
8088,品安,記憶體,DRAM銷售,"DRAM模組, FLASH模組, 記憶體模組, 電子製造服務, 電子零件元件, 電腦系統業",27
8089,康全電訊,"光通訊, 網通",,"光纖設備, 光通訊, 接取設備, 無線網路設備系統(WLAN), 網通設備","46, 92"
8091,翔名,半導體設備,,"半導體製程設備, 設備儀器商",109
8092,建暐,機械,,"工具機, 設備儀器商, 量測儀器",93
8093,保銳,"散熱, 電子通路, 電源供應器",,"散熱模組, 散熱風扇馬達, 電子零件元件, 電源供應器","16, 256, 35"
8096,擎亞,"IC設計, 電子通路",,"IC零組件通路商, 電子元件代理商, 電子通路","108, 256"
8097,常珵,網通,,"無線網路設備系統(WLAN), 網通設備",92
8099,大世科,伺服器,,"INTERNET技術與基礎設施, 系統整合, 軟體業, 雲端科技",32
8101,華冠,電子通路,手機製造,"平板電腦, 手機, 手機製造, 消費性電子產品, 穿戴式裝置, 電子製造服務, 電腦系統業",256
8102,傑霖科技,IC設計,,"IC設計, 影音IC",108
8103,瀚荃,"連接器, 電子通路",,"連接器, 連接線材, 電子零件元件","41, 256"
8104,錸寶,面板,"LCD-TFT面板, Micro LED","OLED, 工業用電池, 電池, 面板業",91
8105,凌巨,面板,LCD-STN面板,"LCM, 面板業",91
8107,大億金茂,傳產其他,,汽機車零組件,246
8109,博大,"電子通路, 電源供應器",,"電子零件元件, 電源供應器","256, 35"
8110,華東,IC設計,,"IC封裝, IC封裝測試, IC測試",108
8111,立碁,面板,,"LED, LED封裝, LED照明產品",91
8112,至上,記憶體,HBM,"IC零組件通路商, 電子元件代理商, 電子通路",27
8114,振樺電,機械,商業自動化,"KIOSK自助服務機, POS機系統, 工業電腦",93
8121,越峰,被動元件,,"被動元件, 被動元件上游",49
8131,福懋科,"IC設計, 電子通路",,"DRAM模組, IC封裝, IC封裝測試, IC測試, 電子零件元件","108, 256"
8147,正淩,"連接器, 電子通路",,"連接器, 電子零件元件","41, 256"
8150,南茂,IC設計,,"IC封裝, IC封裝測試, IC測試, LCD驅動IC封裝, 封測服務與材料, 金、錫凸塊",108
8155,博智,PCB,,"印刷電路板, 印刷電路板相關",64
8162,微矽電子-創,IC設計,,"IC封裝測試, IC測試",108
8163,達方,運動休閒,,"自行車, 車輛整車, 週邊產品, 鍵盤",37
8171,天宇,電動車,,"工業用電池, 消費用電池, 車用鋰電池, 電池",54
8176,智捷,網通,,"無線網路設備系統(WLAN), 網通設備",92
8182,加高,被動元件,石英元件,"振盪器, 石英元件, 被動元件",49
8183,精星,電子通路,寧德時代,"電子製造服務, 電腦系統業",256
8201,無敵,電子通路,消費電子,"INTERNET技術與基礎設施, 消費性電子產品, 系統整合, 車用電子, 軟體業, 雲端科技",256
8210,勤誠,電子通路,機殼,"伺服器機殼, 電子零件元件",256
8213,志超,PCB,,"印刷電路板, 印刷電路板相關",64
8215,明基材,面板,,"偏光板, 面板零組件",91
8222,寶一,機械,,"機械零組件, 航天機械零組件, 航天軍工, 飛機零件／製造",93
8227,巨有科技,AI,IP/ASIC,"ASIC, IC設計",40
8234,新漢,科技其他,工業電腦,工業電腦,36
8240,華宏,面板,LCD-零組件,"光學膜, 面板零組件",91
8249,菱光,傳產其他,數位相機,"影像感測元件, 數位相機",246
8255,朋程,電子通路,,"二極體, 分離式元件, 車用電子",256
8261,富鼎,傳產其他,,"分離式元件, 電晶體",246
8271,宇瞻,記憶體,"DRAM銷售, 記憶體","DRAM模組, FLASH模組, 記憶體模組, 電子零件元件",27
8272,全景軟體,科技其他,,"資訊安全, 軟體業",36
8277,商丞,記憶體,DRAM銷售,"儲存設備, 磁碟陣列控制器, 記憶體模組, 週邊產品, 電子零件元件",27
8279,生展,食品,保健食品,"生物科技, 食品生技",61
8284,三竹,傳產其他,,"應用軟體, 系統整合, 軟體業",246
8289,泰藝,被動元件,,"振盪器, 被動元件",49
8291,尚茂,PCB,,"印刷電路板相關, 銅箔基板",64
8299,群聯,記憶體,"記憶體, 記憶體IC設計","FLASH模組, FLASH記憶體IC, IC設計, PC週邊IC, SSD控制IC, USB, 傳輸介面, 嵌入式晶片, 記憶卡, 記憶卡IC, 週邊產品, 電子零件元件, 高速傳輸介面IC",27
8341,日友,傳產其他,環境工程,"傳產其他, 回收焚化／掩埋清運",246
8342,益張,傳產其他,,"傢俱, 傳產其他, 家居用品, 線材盤元, 金屬加工／製品",246
8349,恒耀,鋼鐵,,"線材盤元, 螺絲螺帽",41
8354,冠好,化學,,"傳產其他, 化學工業, 文具, 膠帶",69
8358,金居,PCB,銅箔,"印刷電路板相關, 銅箔",64
8367,建新國際,航運,,"物流業, 貨櫃場服務, 運輸事業, 陸運",31
8374,羅昇,"建材, 機械","智慧型機器人/機械手臂, 玻璃基板 E-Core Sys.","機械零組件, 產業機械, 自動化設備, 變頻器, 電力設備","18, 93"
8383,千附,"半導體設備, 機械, 電子通路",水資源,"其他產業機械, 半導體製程設備, 工程顧問, 廠務工程, 營造工程, 產業機械, 設備儀器商, 電子其他","109, 93, 256"
8390,金益鼎,傳產其他,"環境工程, 黃金","傳產其他, 回收焚化／掩埋清運",246
8401,白紗科,傳產其他,,"傳產其他, 印刷業",246
8403,盛弘,生技醫療,"智慧醫療, 醫療管理顧問","藥品通路, 醫療器材通路, 醫療服務, 醫療管理服務, 醫藥流通",134
8404,百和興業-KY,"營建, 紡織",,"傳產其他, 地產, 工業紡織品, 營建, 織布業, 鞋材, 黏扣帶","122, 59"
8409,商之器,生技醫療,,智慧醫療技術,134
8410,森田,電子通路,其他,"機殼表面處理, 電子零件元件",256
8411,福貞-KY,傳產其他,,"瓶蓋, 製罐業, 鋁罐, 馬口鐵罐",246
8415,大國鋼,鋼鐵,,"線材盤元, 螺絲螺帽",41
8416,實威,電子通路,,"3D印表機, 軟體業, 軟體通路／代理, 週邊產品",256
8421,旭源,傳產其他,,"傳產其他, 印刷業",246
8422,可寧衛*,傳產其他,環境工程,"傳產其他, 回收焚化／掩埋清運",246
8423,保綠-KY,橡膠,,"合成橡膠, 橡膠工業",12
8424,惠普,營建,,"建材, 複合板",122
8426,紅木-KY,營建,,"水電消防工程, 營造工程, 設計裝潢",122
8429,金麗-KY,傳產其他,,"傳產其他, 製鞋業",246
8431,匯鑽科,傳產其他,,"傳產其他, 金屬加工／製品",246
8432,東生華,生技醫療,,"學名藥, 新藥研發, 西藥製劑, 醫藥流通, 醫藥產業",134
8433,弘帆,百貨零售,,"流通業, 貿易",30
8435,鉅邁,化學,"水資源, 環境工程","其他化工產品, 化學工業",69
8436,大江,食品,"保健食品, 美容","保健食品, 時尚產業, 生物科技, 美妝保養品, 食品加工, 食品生技",61
8437,大地-KY,伺服器,遠距教學,"教育事業, 服務業",32
8438,昶昕,半導體設備,,"傳產其他, 半導體化學品, 回收焚化／掩埋清運",109
8440,綠電,傳產其他,,"傳產其他, 回收焚化／掩埋清運",246
8442,威宏-KY,運動休閒,,"傳產其他, 手提箱, 運動產業, 運動用品",37
8443,阿瘦,傳產其他,,"傳產其他, 製鞋業",246
8444,綠河-KY,營建,,"建材, 複合板",122
8446,華研,傳產其他,,"傳播事業, 文化創意產業, 演出經紀",246
8450,霹靂,傳產其他,AR擴增實境,"傳播事業, 影音娛樂, 文化創意產業, 有線電視",246
8454,富邦媒,傳產其他,,"INTERNET應用與服務, 電商平台",246
8455,大拓-KY,"機械, 電子通路",,"設備儀器商, 變頻器, 電力設備, 電子元件代理商, 電子通路, 電機","93, 256"
8462,柏文,運動休閒,,"休閒娛樂, 連鎖健身房",37
8463,潤泰材,水泥,水泥,"水泥, 營造工程, 設計裝潢, 高爐水泥",13
8464,億豐,傳產其他,,"家居用品, 窗簾",246
8466,美吉吉-KY,營建,,"建材, 複合板",122
8467,波力-KY,運動休閒,,"傳產其他, 碳纖維, 運動產業, 運動用品",37
8472,夠麻吉,食品,,"INTERNET應用與服務, 流通業, 電商平台, 食品飲料相關通路",61
8473,山林水,營建,,"傳產其他, 回收焚化／掩埋清運, 水資源, 污水處理, 海水淡化, 營造工程, 環保工程",122
8476,台境*,營建,,"營造工程, 環保工程",122
8477,創業家,傳產其他,,"INTERNET應用與服務, 電商平台",246
8478,東哥遊艇,傳產其他,,"造船業, 遊艇製造",246
8481,政伸,傳產其他,,"傳產其他, 印刷業",246
8482,商億-KY,傳產其他,,"傢俱, 家居用品",246
8487,愛爾達-創,傳產其他,,"INTERNET應用與服務, 串流媒體",246
8488,吉源-KY,傳產其他,,"製罐業, 鋁罐, 馬口鐵罐",246
8489,三貝德,伺服器,遠距教學,"教育事業, 服務業",32
8499,鼎炫-KY,"機械, 電子通路",其他,"儀表, 其他電子零件, 產業機械, 電子零件元件","93, 256"
8905,裕國,食品,,"罐頭業, 肉品加工, 貨櫃場服務, 運輸事業, 食品加工",61
8906,花王,傳產其他,其他,"傳產其他, 印刷業",246
8908,欣雄,傳產其他,,"天然氣, 石油及天然氣",246
8916,光隆,紡織,,"家居用品, 寢具, 成衣, 成衣製造, 紡紗, 羽絨加工",59
8917,欣泰,傳產其他,,"天然氣, 石油及天然氣",246
8921,沈氏,傳產其他,其他,"傳產其他, 印刷業",246
8923,時報,傳產其他,,"傳播事業, 出版業",246
8924,大田,運動休閒,"水資源, 高爾夫球","球具, 運動產業, 高爾夫球桿頭",37
8926,台汽電,傳產其他,,"汽電共生, 電力",246
8927,北基,營建,,"其他公用事業, 加油站, 地產, 營建",122
8928,鉅明,運動休閒,高爾夫球,"運動產業, 高爾夫球桿頭",37
8929,富堡,"紡織, 造紙","其他, 衛生保健","不織布, 家庭用紙, 工業紡織品, 造紙業","59, 7"
8930,青鋼,營建,,"建材, 輕鋼架",122
8931,大汽電,傳產其他,,"汽電共生, 電力",246
8932,智通*,傳產其他,其他,"傳產其他, 拉鍊",246
8933,愛地雅,運動休閒,自行車,"自行車, 車輛整車",37
8935,邦泰,傳產其他,,"傳產其他, 複合材料, 鞋材",246
8936,國統,水泥,,"水利, 水泥, 水泥製品, 水資源",13
8937,合騏,電動車,汽車,"機車, 機車零組件, 汽機車零組件, 沙灘車, 車輛整車",54
8938,明安,運動休閒,高爾夫球,"傳產其他, 球具, 複合材料, 運動產業, 高爾夫球桿頭",37
8940,新天地,"伺服器, 觀光",,"婚宴顧問, 旅宿／餐飲, 服務業, 餐飲","32, 54"
8941,關中,傳產其他,其他,"傳產其他, 烤肉架",246
8942,森鉅,營建,,"建材, 複合板",122
8996,高力,傳產其他,,"傳產其他, 金屬加工／製品",246
9103,美德醫療-DR,"生技醫療, 食品",空污,"個人保護用器材, 其他醫療器材, 速食麵, 醫療管理服務, 非酒精飲料, 食品加工, 飲料相關","134, 61"
9105,泰金寶-DR,電子通路,掃描器,"POS機系統, 主機板, 印表機, 家電, 工業電腦, 消費性電子產品, 液晶電視, 硬碟相關, 穿戴式裝置, 視訊轉換相關, 週邊產品, 電子製造服務, 電腦系統業",256
9108,61神州-DR,傳產其他,,"應用軟體, 系統整合, 軟體業",246
9110,越南控-DR,傳產其他,,"機車, 機車零組件, 汽機車零組件, 車輛整車",246
9116,08明輝-DR,"機械, 電機電纜",,"海洋工程設備, 產業機械, 線材盤元, 螺絲螺帽, 資訊安全, 軟體業, 電力電纜, 電線電纜","93, 32"
9118,68同方友友-DR,面板,,"LED, LED照明產品, 家電, 照明",91
9120,00晨訊科-DR,電子通路,,"手機, 手機製造, 車用電子",256
9136,巨騰-DR,"塑膠, 電子通路",,"塑膠射出, 機殼, 鎂鋁合金, 電子零件元件","62, 256"
9802,鈺齊-KY,傳產其他,NIKE,"傳產其他, 鞋材",246
9902,台火,百貨零售,其他,"汽車服務相關, 流通業, 特種車輛相關, 貿易, 資產股, 車輛整車",30
9904,寶成,運動休閒,"NIKE, 其他, 東協","傳產其他, 控股公司, 製鞋業, 運動產業, 運動用品, 鞋材",37
9905,大華,傳產其他,其他,"瓶蓋, 製罐業, 鋁罐",246
9906,欣巴巴,建材,建材,"地產, 營建",18
9907,統一實,紡織,,"冷軋鋼捲, 化纖原料, 寶特瓶, 板鋼, 製罐業, 馬口鐵罐",59
9908,大台北,傳產其他,,"天然氣, 石油及天然氣",246
9910,豐泰,運動休閒,NIKE,"傳產其他, 製鞋業, 運動產業, 運動鞋, 鞋材",37
9911,櫻花,傳產其他,,"家居用品, 廚具, 廚衛電",246
9912,偉聯,面板,顯示器,"LCD顯示器, 顯示器",91
9914,美利達,運動休閒,自行車,"產業機械, 自行車, 自行車零件, 車輛整車",37
9917,中保科,伺服器,,"保全業, 安全監控, 工業電腦, 服務業",32
9918,欣天然,傳產其他,,"天然氣, 石油及天然氣",246
9919,康那香,"紡織, 造紙","美容, 衛生保健","不織布, 家庭用紙, 工業紡織品, 造紙業","59, 7"
9921,巨大,運動休閒,"共享單車, 自行車","產業機械, 自行車, 自行車零件, 車輛整車",37
9924,福興,傳產其他,,"家居用品, 鎖",246
9925,新保,伺服器,,"保全業, 安全監控, 工業電腦, 服務業",32
9926,新海,傳產其他,,"天然氣, 石油及天然氣",246
9927,泰銘,傳產其他,,"鉛, 非鐵金屬",246
9928,中視,傳產其他,,"傳播事業, 無線電視",246
9929,秋雨,傳產其他,,"傳播事業, 傳產其他, 印刷業, 廣告",246
9930,中聯資源,水泥,,"傳產其他, 回收焚化／掩埋清運, 水泥, 高爐水泥",13
9931,欣高,傳產其他,,"天然氣, 石油及天然氣",246
9933,中鼎,營建,,"工程顧問, 營造工程",122
9934,成霖,"半導體設備, 建材",,"家居用品, 水龍頭, 衛浴設備","109, 18"
9935,慶豐富,傳產其他,,"家居用品, 窗簾",246
9937,全國,傳產其他,,"其他公用事業, 加油站",246
9938,百和,紡織,,"傳產其他, 工業紡織品, 織布業, 鞋材, 黏扣帶",59
9939,宏全,紡織,東協,"化纖原料, 寶特瓶, 瓶蓋, 製罐業",59
9940,信義,營建,東協,"地產, 房屋仲介",122
9941,裕融,電動車,,"汽車服務相關, 汽車融資",54
9942,茂順,橡膠,,"橡膠工業, 橡膠製品, 油封",12
9943,好樂迪,運動休閒,,"KTV, 休閒娛樂",37
9944,新麗,紡織,,"不織布, 工業紡織品",59
9945,潤泰新,"水泥, 營建",,"地產, 水泥, 營建","13, 122"
9946,三發地產,營建,,"地產, 營建",122
9949,琉園,傳產其他,,"傳產其他, 工藝品",246
9950,萬國通,傳產其他,,"傳產其他, 手提箱",246
9951,皇田,電動車,,汽車內裝,54
9955,佳龍,傳產其他,黃金,"傳產其他, 回收焚化／掩埋清運",246
9958,世紀鋼,鋼鐵,,"條鋼, 鋼構",41
9960,邁達康,運動休閒,高爾夫球,"INTERNET應用與服務, 健身器材, 球具, 運動產業, 電商平台",37
9962,有益,鋼鐵,,不鏽鋼,41
